"data","zrodlo","tytul","tresc","link"
"2026-05-23","Bankier","Paliwo tanieje czwarty raz w tygodniu. Orlen tnie ceny hurtowe","Orlen obniżył w sobotę hurtowe ceny benzyny bezołowiowej Eurosuper 95 o 41 zł, benzyny bezołowiowej Super Plus 98 o 34 zł, a oleju napędowego Ekodiesel o 101 zł na metr sześc. - wynika z danych opublikowanych przez koncern. To czwarta obniżka cen paliw w hurcie Orlenu w tym tygodniu. Według aktualnego hurtowego cennika koncernu w sobotę benzyna bezołowiowa Eurosuper 95 kosztuje 5 tys. 642 zł za metr sześc., czyli 41 zł mniej niż dzień wcześniej, benzyna bezołowiowa Super Plus 98 kosztuje 6 tys. 145 zł za metr sześc., czyli 34 zł mniej niż po poprzedniej korekcie, natomiast olej napędowy Ekodiesel kosztuje 5 tys. 950 zł za metr sześc., co oznacza spadek o 101 zł w porównaniu do ostatniej zmiany cen. Sobotnia obniżka jest czwartą z kolei w tym tygodniu. Ostatnio, w piątek, Orlen również obniżył hurtowe ceny paliw, w tym benzyny bezołowiowej Eurosuper 95 o 17 zł, do 5 tys. 683 zł za metr sześc., benzyny bezołowiowej Super Plus 98 o 56 zł, do 6 tys. 179 zł za metr sześc., a oleju napędowego Ekodiesel o 55 zł, do 6 tys. 051 zł za metr sześc. Od 31 marca na wszystkich stacjach w Polsce obowiązują ceny maksymalne paliw, wprowadzone czasowo w ramach rządowego pakietu regulacji „Ceny Paliwa Niżej”, który ma ograniczać wzrost cen tych produktów. Ustalane są na podstawie średniej ceny hurtowej paliw na rynku krajowym, powiększonej o akcyzę, opłatę paliwową, a także marżę sprzedażową i podatek VAT. Jak wynika z aktualnego obwieszczenia ministra energii o cenach maksymalnych, od soboty do poniedziałku na stacjach litr benzyny bezołowiowej 95 ma kosztować nie więcej niż 6,46 zł, benzyny bezołowiowej 98 - 7,00 zł, a oleju napędowego - 6,85 zł. Oznacza to, że ceny wszystkich tych paliw są niższe w porównaniu do piątku, gdy litr benzyny bezołowiowej 95 kosztował maksymalnie 6,48 zł, benzyny bezołowiowej 98 - 7,06 zł, natomiast oleju napędowego - 6,91 zł. Ceny maksymalne paliw Ministerstwo Energii ogłasza w codziennym obwieszczeniu, ale obowiązują one od dnia następnego po publikacji w Monitorze Polskim. W przypadku ogłoszenia przed dniami wolnymi od pracy i świętami obowiązują do najbliższego dnia roboczego włącznie. Pierwszego dnia obowiązywania cen maksymalnych paliw na stacjach, czyli 31 marca, benzyna bezołowiowa 95 kosztowała nie więcej niż 6,16 zł za litr, benzyna bezołowiowa 98 - 6,76 zł, a olej napędowy - 7,60 zł. W ubiegłym tygodniu w Dzienniku Ustaw ukazały się rozporządzenia, z których wynika, że stawka VAT na benzynę oraz olej napędowy i biokomponenty stanowiące samoistne paliwa, która została obniżona z 23 proc do 8 proc., będzie obowiązywała do 31 maja. Do końca maja została przedłużona także obniżka podatku akcyzowego na te same paliwa. Według wcześniejszych regulacji pakietu „Ceny Paliwa Niżej” obniżone stawki VAT i akcyzy miały obowiązywać do 15 maja. Atak USA i Izraela na Iran 28 lutego spowodował w kolejnych dniach wzrost notowań ropy naftowej na świecie, a także notowań paliw gotowych, co przełożyło się na ceny detaliczne tych produktów na stacjach, również w Polsce. Jak podkreśliło w piątkowej analizie biuro Reflex, „od sytuacji na Bliskim Wschodzie uzależnione są ceny ropy i paliw na rynku międzynarodowym, a że ta pozostaje w dalszym ciągu niestabilna w tym tygodniu notowaliśmy na stacjach podwyżki cen benzyn i oleju napędowego”. Najmocniej podrożała benzyna bezołowiowa 95, a najmniej olej napędowy. Jednocześnie maksymalne ceny benzyny, w ramach pakietu „Ceny Paliwa Niżej”, osiągnęły najwyższy poziom od początku jego wprowadzenia, podczas gdy maksymalne ceny oleju napędowego nie przekraczały 7 zł za litr - zaznaczyło biuro Reflex. Według jego analityków „w przyszłym tygodniu prawdopodobne są lekkie obniżki wszystkich rodzajów paliw, w ślad za spadkiem cen hurtowych na koniec tego tygodnia”. Jednocześnie zwrócili oni uwagę, że najważniejsza będzie jednak decyzja o przyszłości pakietu „Ceny Paliwa Niżej”, który póki co obowiązuje do końca maja. (PAP) mb/ mmu/","https://www.bankier.pl/wiadomosc/Paliwo-tanieje-czwarty-raz-w-tygodniu-Orlen-tnie-ceny-hurtowe-9138367.html"
"2026-05-23","PAP","Orlen ponownie obniżył hurtowe ceny paliw","Orlen obniżył w sobotę hurtowe ceny benzyny bezołowiowej Eurosuper 95 o 41 zł, benzyny bezołowiowej Super Plus 98 o 34 zł, a oleju napędowego Ekodiesel o 101 zł na metr sześc. - wynika z danych opublikowanych przez koncern. To czwarta obniżka cen paliw w hurcie Orlenu w tym tygodniu. Według aktualnego hurtowego cennika koncernu w sobotę benzyna bezołowiowa Eurosuper 95 kosztuje 5 tys. 642 zł za metr sześc., czyli 41 zł mniej niż dzień wcześniej, benzyna bezołowiowa Super Plus 98 kosztuje 6 tys. 145 zł za metr sześc., czyli 34 zł mniej niż po poprzedniej korekcie, natomiast olej napędowy Ekodiesel kosztuje 5 tys. 950 zł za metr sześc., co oznacza spadek o 101 zł w porównaniu do ostatniej zmiany cen. Sobotnia obniżka jest czwartą z kolei w tym tygodniu. Ostatnio, w piątek, Orlen również obniżył hurtowe ceny paliw, w tym benzyny bezołowiowej Eurosuper 95 o 17 zł, do 5 tys. 683 zł za metr sześc., benzyny bezołowiowej Super Plus 98 o 56 zł, do 6 tys. 179 zł za metr sześc., a oleju napędowego Ekodiesel o 55 zł, do 6 tys. 051 zł za metr sześc. Od 31 marca na wszystkich stacjach w Polsce obowiązują ceny maksymalne paliw, wprowadzone czasowo w ramach rządowego pakietu regulacji „Ceny Paliwa Niżej”, który ma ograniczać wzrost cen tych produktów. Ustalane są na podstawie średniej ceny hurtowej paliw na rynku krajowym, powiększonej o akcyzę, opłatę paliwową, a także marżę sprzedażową i podatek VAT. Jak wynika z aktualnego obwieszczenia ministra energii o cenach maksymalnych, od soboty do poniedziałku na stacjach litr benzyny bezołowiowej 95 ma kosztować nie więcej niż 6,46 zł, benzyny bezołowiowej 98 - 7,00 zł, a oleju napędowego - 6,85 zł. Oznacza to, że ceny wszystkich tych paliw są niższe w porównaniu do piątku, gdy litr benzyny bezołowiowej 95 kosztował maksymalnie 6,48 zł, benzyny bezołowiowej 98 - 7,06 zł, natomiast oleju napędowego - 6,91 zł. Ceny maksymalne paliw Ministerstwo Energii ogłasza w codziennym obwieszczeniu, ale obowiązują one od dnia następnego po publikacji w Monitorze Polskim. W przypadku ogłoszenia przed dniami wolnymi od pracy i świętami obowiązują do najbliższego dnia roboczego włącznie. Pierwszego dnia obowiązywania cen maksymalnych paliw na stacjach, czyli 31 marca, benzyna bezołowiowa 95 kosztowała nie więcej niż 6,16 zł za litr, benzyna bezołowiowa 98 - 6,76 zł, a olej napędowy - 7,60 zł. W ubiegłym tygodniu w Dzienniku Ustaw ukazały się rozporządzenia, z których wynika, że stawka VAT na benzynę oraz olej napędowy i biokomponenty stanowiące samoistne paliwa, która została obniżona z 23 proc do 8 proc., będzie obowiązywała do 31 maja. Do końca maja została przedłużona także obniżka podatku akcyzowego na te same paliwa. Według wcześniejszych regulacji pakietu „Ceny Paliwa Niżej” obniżone stawki VAT i akcyzy miały obowiązywać do 15 maja. Atak USA i Izraela na Iran 28 lutego spowodował w kolejnych dniach wzrost notowań ropy naftowej na świecie, a także notowań paliw gotowych, co przełożyło się na ceny detaliczne tych produktów na stacjach, również w Polsce. Jak podkreśliło w piątkowej analizie biuro Reflex, „od sytuacji na Bliskim Wschodzie uzależnione są ceny ropy i paliw na rynku międzynarodowym, a że ta pozostaje w dalszym ciągu niestabilna w tym tygodniu notowaliśmy na stacjach podwyżki cen benzyn i oleju napędowego”. Najmocniej podrożała benzyna bezołowiowa 95, a najmniej olej napędowy. Jednocześnie maksymalne ceny benzyny, w ramach pakietu „Ceny Paliwa Niżej”, osiągnęły najwyższy poziom od początku jego wprowadzenia, podczas gdy maksymalne ceny oleju napędowego nie przekraczały 7 zł za litr - zaznaczyło biuro Reflex. Według jego analityków „w przyszłym tygodniu prawdopodobne są lekkie obniżki wszystkich rodzajów paliw, w ślad za spadkiem cen hurtowych na koniec tego tygodnia”. Jednocześnie zwrócili oni uwagę, że najważniejsza będzie jednak decyzja o przyszłości pakietu „Ceny Paliwa Niżej”, który póki co obowiązuje do końca maja. mb/ mmu/ sma/","https://www.pap.pl/aktualnosci/orlen-ponownie-obnizyl-hurtowe-ceny-paliw-0"
"2026-05-22","Bankier","Orlen znowu tnie ceny paliw. Kolejna obniżka w hurcie","Orlen obniżył w piątek hurtowe ceny benzyny bezołowiowej Eurosuper 95 o 17 zł, benzyny bezołowiowej Super Plus 98 o 56 zł, a oleju napędowego Ekodiesel o 55 zł za metr sześc. - wynika z danych opublikowanych przez koncern. Poprzednio, w czwartek, w hurcie Orlenu paliwa także staniały. Według aktualnego hurtowego cennika koncernu w piątek benzyna bezołowiowa Eurosuper 95 kosztuje tam 5 tys. 683 zł za metr sześc., czyli 17 zł mniej niż dzień wcześniej, benzyna bezołowiowa Super Plus 98 kosztuje 6 tys. 179 zł za metr sześc., czyli 56 zł mniej niż po poprzedniej korekcie, natomiast olej napędowy Ekodiesel kosztuje 6 tys. 051 zł za metr sześc., co oznacza spadek o 55 zł w porównaniu do ostatniej zmiany cen. Poprzednio, w czwartek, Orlen także obniżył hurtowe ceny paliw, w tym benzyny bezołowiowej Eurosuper 95 o 23 zł, do 5 tys. 700 zł za metr sześc., benzyny bezołowiowej Super Plus 98 o 2 zł, do 6 tys. 235 zł za metr sześc., a oleju napędowego Ekodiesel o 50 zł, do 6 tys. 106 zł za metr sześc. W hurcie koncernu piątkowa obniżka jest trzecią z kolei w tym tygodniu, po wprowadzonej także w środę, przy czym we wtorek paliwa tam zdrożały. Od 31 marca na wszystkich stacjach w Polsce obowiązują ceny maksymalne paliw, wprowadzone czasowo w ramach rządowego pakietu regulacji „Ceny Paliwa Niżej”, który ma ograniczać wzrost cen tych produktów. Ceny te ustalane są na podstawie średniej ceny hurtowej paliw na rynku krajowym, powiększonej o akcyzę, opłatę paliwową, a także marżę sprzedażową i podatek VAT. Jak wynika z aktualnego obwieszczenia ministra energii o cenach maksymalnych, w piątek na stacjach litr benzyny bezołowiowej 95 kosztuje nie więcej niż 6,48 zł, benzyny bezołowiowej 98 - 7,06 zł, a oleju napędowego - 6,91 zł. Oznacza to, że ceny benzyny bezołowiowej 95 i oleju napędowego są niższe w porównaniu do czwartku, natomiast cena benzyny bezołowiowej 98 nie uległa zmianie. W czwartek litr benzyny bezołowiowej 95 kosztował maksymalnie 6,50 zł, benzyny bezołowiowej 98 - 7,06 zł, a oleju napędowego - 6,97 zł. Ceny maksymalne paliw Ministerstwo Energii ogłasza w codziennym obwieszczeniu, ale obowiązują one od dnia następnego po publikacji w Monitorze Polskim. W przypadku ogłoszenia przed dniami wolnymi od pracy i świętami obowiązują do najbliższego dnia roboczego włącznie. Pierwszego dnia obowiązywania cen maksymalnych paliw na stacjach, czyli 31 marca, benzyna bezołowiowa 95 kosztowała nie więcej niż 6,16 zł za litr, benzyna bezołowiowa 98 - 6,76 zł, a olej napędowy - 7,60 zł. Jeszcze w ubiegłym tygodniu w Dzienniku Ustaw ukazały się rozporządzenia, z których wynika, że stawka VAT na benzynę oraz olej napędowy i biokomponenty stanowiące samoistne paliwa, która została obniżona z 23 proc do 8 proc., będzie obowiązywała do 31 maja. Do końca maja została przedłużona także obniżka podatku akcyzowego na te same paliwa. Według wcześniejszych regulacji pakietu „Ceny Paliwa Niżej” obniżone stawki VAT i akcyzy miały obowiązywać do 15 maja. Atak USA i Izraela na Iran 28 lutego spowodował w kolejnych dniach wzrost notowań ropy naftowej na świecie, a także notowań paliw gotowych, co przełożyło się na ceny detaliczne tych produktów na stacjach, również w Polsce. Ceny ropy naftowej na globalnych giełdach znów mocniej rosną po trzech poprzednich sesjach ze spadkami. Komunikat Iranu w sprawie uranu wyraźnie ostudził optymizm inwestorów związany wcześniej z możliwym zakończeniem konfliktu na Bliskim Wschodzie - informują w piątek maklerzy. Baryłka ropy WTI w dostawach na lipiec jest wyceniana na NYMEX w Nowym Jorku po 97,70 dolarów - wzrost o 1,40 proc., z kolei baryłka ropy Brent na ICE, także w dostawach na lipiec, notowana jest po 104,63 dolarów za baryłkę - wzrost o 2 proc., ale po spadku w tym tygodniu o ponad 4 proc. Najwyższy duchowy i polityczny przywódca Iranu Modżtaba Chamenei nakazał, aby wysoko wzbogacony uran pozostał w kraju, a tymczasem losy wysoko wzbogaconego uranu są jednym z głównych punktów spornych między Iranem a USA. USA deklarują, że nie pozwolą Iranowi na dalszy rozwój programu jądrowego i zbudowanie broni atomowej. (PAP) mb/ mrr/","https://www.bankier.pl/wiadomosc/Orlen-znowu-tnie-ceny-paliw-Kolejna-obnizka-w-hurcie-9137663.html"
"2026-05-22","Bankier","Windfall tax uderzy w Orlen. Balczun: Wpływ może wynieść ok. 6 mld zł","Wpływ podatku windfall tax na Orlen może wynosić ok. 6 mld zł - ocenił minister aktywów państwowych Wojciech Balczun w Radiu Zet. ""Trwają prace nad windfall tax. Powinny być zakończone w drugim kwartale. To ścieżka ustawowa, więc zakładam, że do końca czerwca będzie przepracowana ścieżka ustawowa - musimy jeszcze przejść przez parlament i iść do prezydenta po podpis. Prace są na finiszu, wiemy kogo będą dotyczyły. Obejmie on firmy z sektora rynku handlu ropą, bo to główne zadanie"" - powiedział Balczun. ""Główną firmą działającą na tym rynku jest Orlen. (...) Zakładamy, że podatek z perspektywy Orlenu może oznaczać 6 mld zł (rocznie - przyp. PAP)"" - dodał. (PAP Biznes) doa/ asa/","https://www.bankier.pl/wiadomosc/Wplyw-windfall-tax-na-Orlen-moze-wyniesc-ok-6-mld-zl-Balczun-MAP-9137665.html"
"2026-05-22","Bankier","W Polsce nie zabraknie paliwa lotniczego. ""Wszystkie rezerwy są bezpieczne""","Minister aktywów państwowych Wojciech Balczun zadeklarował w piątek, że w Polsce nie zabraknie paliwa lotniczego, a wszystkie rezerwy paliwa są bezpieczne. Przekazał ponadto, że wpływy z podatku od nadzwyczajnych zysków firm paliwowych mogą w przypadku Orlenu wynieść 6 mld zł. Szef MAP był pytany w piątek na antenie Radia ZET o to, czy może zapewnić, że w Polsce nie zabraknie paliwa lotniczego. - Robimy wszystko, żeby w sposób jak najbardziej efektywny reagować na konsekwencje sytuacji w Cieśnienie Ormuz. (...) Myślę, że możemy złożyć taką deklarację - powiedział Balczun. Podkreślił, że wszystkie rezerwy paliwa w Polsce „są bezpieczne”. Dopytywany o to, czy polski narodowy przewoźnik PLL LOT poradzi sobie z kryzysem spowodowanym wysokimi cenami paliwa do samolotów zwrócił uwagę, że problem ten dotyczy całej branży lotniczej. - Miałem niedawno rozmowę z prezesem LOT-u w tej kwestii i oczywiście próbuję wszelkimi sposobami amortyzować skutki tych działań. (...) Zakładam, że siatka (połączeń LOT-u - PAP) nie będzie cięta - wskazał Balczun, pytany o możliwe cięcia w połączeniach przewoźnika. Balczun był również pytany o to jakie środki mogą trafić do budżetu z planowanego przez rząd podatku od nadzwyczajnych zysków z tytułu wytwarzania niektórych paliw ciekłych i ich obrotu osiągniętych w 2026 r. - Zakładamy, że taki podatek z perspektywy Orlenu może oznaczać 6 miliardów zł, tak mniej więcej - wskazał szef MAP. Zgodnie z założeniami podatek ma objąć przedsiębiorców, którzy produkują niektóre paliwa ciekłe lub sprowadzają je zza granicy w okresie od 1 marca 2026 r. do 31 grudnia 2026 r. Podstawę opodatkowania ma stanowić nadwyżka osiągniętych przez podatnika przychodów ze sprzedaży paliw ciekłych ponad kwotę przychodów z tego tytułu, jaka zostałaby osiągnięta przez tego podatnika przy zastosowaniu jego średniej marży sprzedaży paliw ciekłych z roku 2025 powiększonej o 20 proc. Wpływy z tego podatku mają sfinansować działania osłonowe na rynku paliw. Rząd chce przyjąć projekt ustawy w tej sprawie do końca czerwca. Minister aktywów państwowych przekazał ponadto, że na początku czerwca br. zostaną ogłoszone nowe zarządy - zarówno Orlenu, jak i Poczty Polskiej. Konkurs na prezesa i członków zarządu Orlenu obejmuje stanowiska prezesa oraz wiceprezesów lub członków zarządu do spraw siedmiu obszarów. Są to: consumers and products, downstream, energetyka, sprawy finansowe, sprawy operacyjne, rozwój i inwestycje, upstream. Od 11 kwietnia 2024 r. prezesem Orlenu jest Ireneusz Fąfara. Pod koniec marca z funkcji prezesa Poczty Polskiej odwołano Sebastiana Mikosza, co Ministerstwo Aktywów Państwowych uzasadniało „potrzebą zapewnienia zgodności polityki zarządczej spółki z celami właścicielskimi oraz koniecznością skutecznej realizacji założeń strategicznych, w tym odbudowy pozycji rynkowej spółki”. Po odwołaniu Mikosza obowiązki prezesa powierzono Sławomirowi Żurawskiemu. (PAP) fos/ mrr/","https://www.bankier.pl/wiadomosc/W-Polsce-nie-zabraknie-paliwa-lotniczego-Wszystkie-rezerwy-sa-bezpieczne-9137704.html"
"2026-05-22","Bankier","Ceny paliw ponownie w górę. Potaniał LPG, ale benzyna jest najdroższa od wprowadzenia CPN","Mijający tydzień stał pod znakiem umiarkowanych podwyżek cen benzyn i oleju napędowego, którym towarzyszyły nieco niższe ceny autogazu. Lekki powiew nadziei pojawił się na światowych giełdach, gdzie ceny paliw skierowały się w dół. W trzecim tygodniu maja litr benzyny bezołowiowej 95 kosztował przeciętnie 6,46 zł i był o 12 groszy droższy niż przed tygodniem – wynika z danych BM Reflex. Wymazana została zeszłotygodniowa korekta, która obniżyła ceny benzyny o 8 gr/l . W rezultacie średnia krajowa cena 95-tki była najwyższa od czasu wprowadzenia programu CPN – czyli tymczasowego obniżenia stawek VAT-u i akcyzy na wybrane paliwa płynne. Olej napędowy tankowano przeciętnie po 6,90 zł/l , czyli aż o 5 gr/l więcej niż w poprzednim tygodniu, kiedy to ON potniał aż o 35 gr/l. Autogaz potaniał przeciętnie o 4 gr/l i kosztował 3,68 zł/l . Przypomnijmy, że LPG nie jest objęty obniżką programem CPN i pozostaje ovatowany stawką 23% . Pomimo obowiązywania tymczasowo obniżonych stawek VAT-u (8% zamiast 23%) i akcyzy wszystkie rodzaje paliw są istotnie droższe niż rok temu. Benzyna Pb95 kosztuje średnio o 69 gr/l więcej niż w o tej samej porze maja 2025 roku. Olej napędowy podrożał o 1,15 zł/l, a LPG o 77 gr/l. Wiadomo też, że tymczasowo obniżone podatki od paliw pozostaną z nami na dłużej. Minister energii Miłosz Motyka obiecał, że CPN zostanie przedłużony przynajmniej do końca maja . Ustawa daje możliwość stosowania obniżonego VAT-u najdalej do końca czerwca. Niezmienne pozostaje źródło drogich paliw, jakim jest blokada Cieśniny Ormuz pozbawiająca świat przynajmniej 10% dostaw ropy naftowej oraz gotowych paliw. Ale od trzech tygodni ceny tych ostatnich już nie rosną. Galon benzyny na nowojorskiej giełdzie w piątek kosztował 3,45 USD, choć jeszcze na początku tygodnia było to 3,78 USD – najwięcej od lipca 2022 roku. Z kolei tona oleju napędowego w Londynie była wyceniana na 1133 USD, choć pod koniec kwietnia ceny sięgały niemal 1400 USD/t. Zarówno w przypadku benzyny jak i ON są to stawki znacznie wyższe niż przed amerykańsko-izraelskim atakiem na Iran. Dobrą wiadomością jest to, że trend wzrostowy (przynajmniej na razie) został zatrzymany. To wszystko ma swoje przełożenie na cennikach krajowych rafinerii. 15 maja Orlen oferował olej napędowy Ekodiesel po 6051 zł/m3, co po doliczeniu 8% VAT-u (akcyza i inne parapodatki są już wliczone w cenę hurtową) implikowałoby ok. ok. 6,54 zł/l. Dla porównania, dwa miesiące temu było to prawie 9 zł/l.  Taka sama ilość benzyny Eurosuper 95 w piątkowym cenniku płockiej rafinerii kosztowała  5683 zł/m3, czyli jakieś 6,14 zł/l po owatowaniu. Po wprowadzeniu programu CPN tymczasowo znacznie spadło opodatkowania paliw. Obecnie państwo zabiera nieco niemal co trzecią złotówkę zapłaconą na stacji za zatankowanie benzyny Pb95. W przypadku oleju napędowego podatki stanowią ok. 29% ceny detalicznej. To znacznie mniej niż jeszcze pod koniec lutego, gdy rząd inkasował niemal połowę ceny płaconej przez kierowców. Gdyby wciąż obowiązywały „standardowe” stawki VAT-u i akcyzy, to cena detaliczna oleju napędowego wynosiłaby ok.  8 zł/l, a benzyna Pb 95 kosztowałaby ok. 7,5 zł/l.","https://www.bankier.pl/wiadomosc/Ceny-paliw-ponownie-w-gore-Potanial-LPG-ale-benzyna-jest-najdrozsza-od-wprowadzenia-CPN-9137830.html"
"2026-05-22","Bankier","Tym będą żyły rynki: makroczwartek, europejska inflacja i giełdowe wyniki","W ostatni tydzień maja wejdziemy bardzo spokojnie (wolne w USA i UK), a kumulacja raportów makroekonomicznych przewidziana jest na czwartek i piątek. Dla inwestorów z GPW będzie to gorący okres publikacji sprawozdań finansowych za I kwartał. Na Cyprze odbędą się wybory parlamentarne. Sondaże wskazują na wyrównane poparcie dla centroprawicowej DISY oraz komunistów z AKEL, które to ugrupowania mogą zgarnąć prawie połowę głosów. Ze względu na dzień wolny w Stanach Zjednoczonych (Dzień Pamięci) oraz Wielkiej Brytanii (Wiosenne Święto Bankowe) nieczynne będą giełdy w Nowym Jorku i Londynie co prawdopodobnie uśpi handel także na innych rynkach finansowych. Z okazji Zielonych Świątek do pracy nie pójdą też finansiści ze Szwajcarii i Norwegii. W polskim kalendarium makroekonomicznym figurują kwietniowe statystyki sprzedaży detalicznej (o 9:30)oraz podaży pieniądza (14:00). Raporty za I kwartał pokażą m.in.: GPW, Mostostal Warszawa, Polimex, Spyrosoft i Transpol. GUS opublikuje kwietniowy biuletyn statystyczny, zawierający m.in. wyniki stopy bezrobocia (9:30). O 14:00 decyzje w sprawie stóp procentowych opublikuje Narodowy Bank Węgier. O 15:00 poznamy majowy indeks S&P/Case-Shiller mierzący ceny domów w 20 amerykańskich metropoliach. Godzinę później ukaże się majowy odczyt indeksu zaufania konsumentów autorstwa Conference Board. Na 16:30 zaplanowana jest publikacja lokalnego indeksu koniunktury przemysłowej w Dallas. Raporty za I kwartał pokażą m.in.: PGE, Archicom, Arlen, Huuuge, PHN i Unimot. Przed świtem (3:30) nadejdą kwietniowe statystyki inflacji CPI z Australii. O 4:00 stopy procentowe ustalać będzie Bank Rezerw Nowej Zelandii. W Europie poznamy majowy indeks zaufania francuskich konsumentów (8:45). Zza Atlantyku nadejdą jedynie cotygodniowe statystyki wniosków o kredyt hipoteczny (13:00) oraz Indeks Fedu z Richmond (16:00). Jest to też dzień wolny w Turcji. Raporty za I kwartał pokażą m.in.: Asseco Poland, Echo, Opoeno.pl, Śnieżka, Trakcja i XTPL. Drugi dzień wolny w Turcji. Z  krajów europejskich napłynie cała seria trzeciorzędnych danych makroekonomicznych, z których wyróżnić można co najwyżej majowe wskaźniki koniunktury gospodarczej z Komisji Europejskiej. Publikacją dnia (a może i tygodnia) będzie raport o wydatkach i dochodach Amerykanów (za kwiecień) zawierający m.in. preferowaną przez Fed miarę inflacji – czyli bazowy deflator wydatków konsumenckich (PCE core) – to wszystko o 14:30. Równocześnie pojawi się rewizja statystyk PKB Stanów Zjednoczonych za I kwartał. Wstępny odczyt wskazał na annualizowaną dynamikę rzędu 2%. Także o 14:30 ukażą się wyniki kwietniowych zamówień na dobra trwałego użytku oraz cotygodniowe statystyki liczby wniosków o zasiłek dla bezrobotnych. Z kolei o 16:00 poznamy wyniki sprzedaży nowych domów w USA. Dwie godziny później pojawią się rządowe statystyki zapasów paliw za poprzedni tydzień. Po sesji na Wall Street raport kwartalny opublikuje sieć detaliczna Coscto. Raporty za I kwartał pokażą m.in.: CD Projekt, Modivo (czyli do niedawna CCC), Orlen, CI Games, Energa, Enter Air, Grupa Azoty, Police, Puławy, Rainbow Tours, Scanway, Wielton i wielu innych. Trzeci dzień wolny w Turcji. W nocy pojawi się paczka danych z Japonii: majowa inflacja bazowa w rejonie Tokio oraz kwietniowa stopa bezrobocia, sprzedaż detaliczna i produkcja przemysłowa. O 3:30 Chińczycy pokażą majowe „rządowe” indeksy PMI dla usług oraz przemysłu. Wśród licznie publikowanych danych z Europy warto będzie zerknąć na wstępne odczyty majowej inflacji konsumenckiej we Francji (8:45), Hiszpanii (9:00) oraz Polski (9:30), Włoch (11:00) i Niemiec (14:00). Z Ameryki warto odnotowania będzie majowy odczyt Chicago PMI (15:45). Raporty za I kwartał pokażą m.in.: AC Autogaz, Action, Amica, Bioton, Columbus, Kernel, Newag, Playway, Rawlplug, Tesgas, Vigo Photonics, ZE PAK i wielu innych. Wybory parlamentarne odbędą się na Malcie. Do urn pójdą wyborcy z Kolumbii i będą wybierać prezydenta.","https://www.bankier.pl/wiadomosc/Tym-beda-zyly-rynki-makroczwartek-europejska-inflacja-i-gieldowe-wyniki-9137866.html"
"2026-05-21","Bankier","Orlen ponownie obniżył hurtowe ceny paliw. Diesel tanieje o 50 zł","Orlen obniżył w czwartek hurtowe ceny benzyny bezołowiowej Eurosuper 95 o 23 zł, benzyny bezołowiowej Super Plus 98 o 2 zł, a oleju napędowego Ekodiesel o 50 zł na metr sześc. - wynika z danych opublikowanych przez koncern. Poprzednio, w środę, w hurcie Orlenu wszystkie te paliwa także staniały. Według aktualnego hurtowego cennika koncernu w czwartek benzyna bezołowiowa Eurosuper 95 kosztuje tam 5 tys. 700 zł za metr sześc., czyli 23 zł mniej niż dzień wcześniej, benzyna bezołowiowa Super Plus 98 kosztuje 6 tys. 235 zł za metr sześc., czyli 2 zł mniej niż po poprzedniej korekcie, natomiast olej napędowy Ekodiesel kosztuje 6 tys. 106 zł za metr sześc., co oznacza spadek o 50 zł w porównaniu do ostatniej zmiany cen. Poprzednio, w środę, Orlen także obniżył hurtowe ceny wszystkich tych paliw, w tym benzyny bezołowiowej Eurosuper 95 o 18 zł, do 5 tys. 723 zł za metr sześc., benzyny bezołowiowej Super Plus 98 o 15 zł, do 6 tys. 237 zł za metr sześc., a oleju napędowego Ekodiesel o 31 zł, do 6 tys. 156 zł za metr sześc. Od 31 marca na wszystkich stacjach w Polsce obowiązują ceny maksymalne paliw, wprowadzone czasowo w ramach rządowego pakietu regulacji „Ceny Paliwa Niżej”, który ma ograniczać wzrost cen tych produktów. Ceny te ustalane są na podstawie średniej ceny hurtowej paliw na rynku krajowym, powiększonej o akcyzę, opłatę paliwową, a także marżę sprzedażową i podatek VAT. Jak wynika z aktualnego obwieszczenia ministra energii o cenach maksymalnych, w czwartek na stacjach litr benzyny bezołowiowej 95 kosztuje nie więcej niż 6,50 zł, benzyny bezołowiowej 98 - 7,06 zł, a oleju napędowego - 6,97 zł. Oznacza to obniżkę w porównaniu z cenami ze środy, gdy litr benzyny bezołowiowej 95 kosztował maksymalnie 6,52 zł, benzyny bezołowiowej 98 - 7,07 zł, a oleju napędowego - 7,00 zł. Ceny maksymalne paliw Ministerstwo Energii ogłasza w codziennym obwieszczeniu, ale obowiązują one od dnia następnego po publikacji w Monitorze Polskim. W przypadku ogłoszenia przed dniami wolnymi od pracy i świętami obowiązują do najbliższego dnia roboczego włącznie. Pierwszego dnia obowiązywania cen maksymalnych paliw na stacjach, czyli 31 marca, benzyna bezołowiowa 95 kosztowała nie więcej niż 6,16 zł za litr, benzyna bezołowiowa 98 - 6,76 zł, a olej napędowy - 7,60 zł. Jeszcze w ubiegłym tygodniu w Dzienniku Ustaw ukazały się rozporządzenia, z których wynika, że stawka VAT na benzynę oraz olej napędowy i biokomponenty stanowiące samoistne paliwa, która została obniżona z 23 proc do 8 proc., będzie obowiązywała do 31 maja. Do końca maja została przedłużona także obniżka podatku akcyzowego na te same paliwa. Według wcześniejszych regulacji pakietu „Ceny Paliwa Niżej” obniżone stawki VAT i akcyzy miały obowiązywać do 15 maja. Atak USA i Izraela na Iran 28 lutego spowodował w kolejnych dniach wzrost notowań ropy naftowej na świecie, a także notowań paliw gotowych, co przełożyło się na ceny detaliczne tych produktów na stacjach, również w Polsce. W czwartek ceny ropy naftowej na globalnych giełdach rosną po tym, jak USA i Iran grożą eskalacją konfliktu w obliczu trwającego od wielu tygodni impasu na Bliskim Wschodzie - informują maklerzy. Baryłka ropy WTI w dostawach na lipiec jest wyceniana na NYMEX w Nowym Jorku po 99,31 USD - wzrost o 1,07 proc., z kolei baryłka ropy Brent na ICE, również w dostawach na lipiec, notowana jest po 105,99 USD - wzrost o 0,92 proc. (PAP) mb/ aop/","https://www.bankier.pl/wiadomosc/Orlen-ponownie-obnizyl-hurtowe-ceny-paliw-Diesel-tanieje-o-50-zl-9136876.html"
"2026-05-21","Bankier","Orlen wydłużył weekendowe rabaty na paliwa. Zniżki także na Moya express i BP","Orlen przedłużył do 30 sierpnia weekendowe rabaty na tankowanie paliw. Od piątku do niedzieli włącznie niższe ceny paliw mają obowiązywać także na niektórych samoobsługowych stacjach Moya express, do 24 maja potrwa akcja rabatowa na stacjach BP – wynika z informacji publikowanych przez te sieci. Weekendowe rabaty na tankowanie paliw na stacjach Orlen obowiązują od 12 marca na niezmienionych zasadach. Początkowo akcję zaplanowano do 3 maja, następnie wydłużono ją do 24 maja, co oznacza, że obejmie także nadchodzący weekend; w czwartek Orlen ogłosił, że przedłużył ją do 30 sierpnia na wszystkich swoich stacjach w Polsce. Spółka tłumaczy, że przedłużenie rabatów na całe lato „jest odpowiedzią na oczekiwania klientów, dla których wakacje to czas częstszych wyjazdów”. Sieć stacji Moya poinformowała, że w najbliższy weekend, od 22 do 24 maja, na wybranych samoobsługowych stacjach Moya express kierowcy będą mogli skorzystać z kodu rabatowego obniżającego cenę paliwa o 31 gr na litrze. Do 24 maja na wszystkich stacjach BP w Polsce obowiązują rabaty na paliwo po aktywacji kuponów w aplikacji. Zniżka wynosi 35 gr na litr benzyny Pb95 lub oleju napędowego przy jednorazowym tankowaniu do 50 litrów paliwa; akcję przedłużono po jej wcześniejszym obowiązywaniu od 11 marca do 5 maja. Orlen posiada w Polsce największą liczbę stacji paliw - według danych z lutego tego roku to 1962 placówki. Dwie następne pod tym względem są sieci BP - 575 stacji na koniec marca tego roku oraz Moya - 536 stacji. (PAP) mb/ aop/","https://www.bankier.pl/wiadomosc/Orlen-wydluzyl-weekendowe-rabaty-na-paliwa-Znizki-takze-na-Moya-express-i-BP-9137163.html"
"2026-05-21","Bankier","ORLEN S.A.: Podsumowanie kosztów emisji uzupełniającej obligacji serii C","KOMISJA NADZORU FINANSOWEGO Raport bieżący nr / 2026 Data sporządzenia: 2026-05-21 Skrócona nazwa emitenta ORLEN S.A. Temat Podsumowanie kosztów emisji uzupełniającej obligacji serii C Podstawa prawna Art. 56 ust. 1 pkt 2 Ustawy o ofercie – informacje bieżące i okresowe Treść raportu: ORLEN S.A. („Spółka”) informuje o wysokości kosztów uzupełniającej emisji drugiej transzy średnioterminowych 1 250 obligacji serii C („Obligacje”) o łącznej wartości nominalnej 250 000 000 USD, wyemitowanych w ramach globalnego programu emisji obligacji średnioterminowych, GMTN. Koszty emisji Obligacji szacowane są na około 1 442 tys. PLN i stanowiły ok. 0,16 % łącznej wartości nominalnej uzupełniającej emisji Obligacji serii C. Powyższa kwota obejmuje: •	koszty przygotowania i przeprowadzenia oferty Obligacji – 1 442 tys. PLN, •	koszty dotyczące sporządzenia/aktualizacji prospektu emisyjnego, z uwzględnieniem kosztów doradztwa – 0 PLN, •	koszty promocji oferty Obligacji – 0 PLN. Średni koszt przeprowadzenia ofert przypadający na jedną oferowaną Obligację zostanie wyliczony i podany po zakończeniu Programu GMTN. Spółka nie ponosiła kosztów wynagrodzenia subemitentów, ponieważ nie zawierała umów subemisji w związku z ofertą Obligacji. Koszty związane z emisją Obligacji zostały ujęte jako rozliczenia międzyokresowe czynne i będą systematycznie obciążały wynik finansowy. Z podatkowego punktu widzenia koszty transakcyjne stanowią koszty uzyskania przychodów i są potrącalne w dacie ich ujęcia w księgach. MESSAGE (ENGLISH VERSION) Summary of series C bond tap issuance costs Regulatory announcement no 20/2026 dated 21 May 2026 ORLEN S.A. (“ORLEN”, “Company”) hereby informs about the costs of tap issuance of 1 250 series C second series bonds (“Bonds”) with a total nominal value of USD 250 000 000, issued within the global medium term bonds programme (“GMTN Programme”). The costs of Bonds issue is estimated at the level of ca. PLN 1 442 th and represented ca. 0,16% of the total nominal value of series C Bonds tap issue. The above mentioned amount includes the following: – costs of preparing and conducting of the Bonds offer – PLN 1 442 th., – costs of preparing/updating of prospectus including consulting costs – PLN 0, – costs of promoting of the Bonds offer – PLN 0. The average cost of the offers per one offered Bond will be calculated and published after completion of the GMTN Programme. The Company did not incurred the costs of underwriters fees, due to the fact that no underwriting agreement was signed by ORLEN in connection with the offer of the Bonds. The costs of the Bonds issue were included as prepayments and will be systematically charged the financial result. As far as taxes are concerned the transaction costs constitute tax deductible costs and are charged as of the dates of their enter into books. ORLEN SPÓŁKA AKCYJNA (pełna nazwa emitenta) ORLEN S.A. Paliwowy (pal) (skrócona nazwa emitenta) (sektor wg. klasyfikacji GPW w W-wie) 09-411 Płock (kod pocztowy) (miejscowość) Chemików (ulica) (numer) 24 256 81 80 24 367 77 11 (telefon) (fax) ir@orlen.pl www.orlen.pl (e-mail) (www) 774 00 01 454 610188201 (NIP) (REGON) PODPISY OSÓB REPREZENTUJĄCYCH SPÓŁKĘ Data Imię i Nazwisko Stanowisko/Funkcja Podpis 2026-05-21 Sławomir Jędrzejczyk Wiceprezes Zarządu 2026-05-21 Marcin Wasilewski Członek Zarządu","https://www.bankier.pl/wiadomosc/ORLEN-S-A-Podsumowanie-kosztow-emisji-uzupelniajacej-obligacji-serii-C-9137299.html"
"2026-05-21","Bankier","DM BOŚ dodał Orlen i CD Projekt do listy długich pozycji","Analitycy DM BOŚ, w raporcie miesięcznym z 13 maja, dodali na listę długich pozycji na nadchodzący miesiąc Orlen i CD Projekt, a wycofali z niej akcje PGE, Enei i Creepy Jar. Do krótkich pozycji nie dołączono żadnej spółki, a usunięto z tej listy 11 bit studios. Spółki, które w nadchodzącym miesiącu mogą - zdaniem analityków DM BOŚ - zachować się lepiej od rynku to: AB, Action, Asbis, Asseco Poland, Atrem, Azoty, CD Projekt, Cyfrowy Polsat, Inter Cars, KGHM, LPP, mBank, Neuca, Orlen, Unibep, Unimot i VRG. Spółki, które powinny się zachowywać gorzej od rynku to: Alior, Arctic Paper, JSW. Depesza jest skrótem raportu DM BOŚ. Dystrybucja raportu miała miejsce 13 maja 2026 r. o godzinie 18:20. W załączniku znajdują się wymagane prawem informacje z DM BOŚ. (PAP Biznes) seb/ gor/","https://www.bankier.pl/wiadomosc/DM-BOS-dodal-Orlen-i-CD-Projekt-do-listy-dlugich-pozycji-9137502.html"
"2026-05-21","PAP","Orlen wydłużył weekendowe rabaty na paliwa. W ten weekend zniżki także na Moya express i BP","Orlen przedłużył do 30 sierpnia weekendowe rabaty na tankowanie paliw. Od piątku do niedzieli włącznie niższe ceny paliw mają obowiązywać także na niektórych samoobsługowych stacjach Moya express, do 24 maja potrwa akcja rabatowa na stacjach BP – wynika z informacji publikowanych przez te sieci. Weekendowe rabaty na tankowanie paliw na stacjach Orlen obowiązują od 12 marca na niezmienionych zasadach. Początkowo akcję zaplanowano do 3 maja, następnie wydłużono ją do 24 maja, co oznacza, że obejmie także nadchodzący weekend; w czwartek Orlen ogłosił, że przedłużył ją do 30 sierpnia na wszystkich swoich stacjach w Polsce. Wakacyjne rabaty Spółka tłumaczy, że przedłużenie rabatów na całe lato „jest odpowiedzią na oczekiwania klientów, dla których wakacje to czas częstszych wyjazdów”. Jak poinformował koncern, w okresie przedłużonych weekendowych rabatów, użytkownicy aplikacji Orlen VITAY będą mogli otrzymać zniżkę 20 gr na litrze paliwa, a przy jednoczesnych zakupach pozapaliwowych za minimum 5 zł – 35 gr na litrze benzyny lub oleju napędowego. Kupon udostępniany jest w aplikacji w każdy poniedziałek i umożliwia jednorazowe tankowanie do 50 litrów paliwa. Sieć stacji Moya poinformowała, że w najbliższy weekend, od 22 do 24 maja, na wybranych samoobsługowych stacjach Moya express kierowcy będą mogli skorzystać z kodu rabatowego obniżającego cenę paliwa o 31 gr na litrze. Do 24 maja na wszystkich stacjach BP w Polsce obowiązują rabaty na paliwo po aktywacji kuponów w aplikacji. Zniżka wynosi 35 gr na litr benzyny Pb95 lub oleju napędowego przy jednorazowym tankowaniu do 50 litrów paliwa; akcję przedłużono po jej wcześniejszym obowiązywaniu od 11 marca do 5 maja. Orlen posiada w Polsce największą liczbę stacji paliw - według danych z lutego tego roku to 1962 placówki. Dwie następne pod tym względem są sieci BP - 575 stacji na koniec marca tego roku oraz Moya - 536 stacji. (PAP) mb/ aop/ dafa/gn/","https://www.pap.pl/aktualnosci/przedluzenie-rabatow-na-tankowanie-paliw-na-cale-lato-2026-na-jakich-stacjach"
"2026-05-20","Bankier","Które spółki z GPW rozdzielą zysk przed urlopem? Ranking „ostatniej szansy”","Od 20 maja do 25 czerwca, kiedy rozpoczynają się wakacje, jest realna szansa załapać się na 54. dywidendy od spółek notowanych na warszawskim parkiecie głównym i NewConnect. Harmonogram podziału zysków z krajowej giełdy w tegorocznym sezonie przedurlopowym jest wyjątkowo napięty i ciągle się zmienia, ale na liście pewnych i potencjalnych płatników już znajdziemy zarówno solidne banki, dużych deweloperów, jak i reprezentantów sektora przemysłowego wracających do wypłaty. Zanim przejdziemy do konkretów, przypomnijmy kluczową zasadę rozliczania transakcji giełdowych przez KDPW w cyklu T+2. Oznacza ona, że akcje znajdą się na rachunku dopiero po dwóch dniach sesyjnych od transakcji zakupu. Zatem, aby nabyć prawo do dywidend rozdzielanych w dniu dywidendy trzeba kupić akcje co najmniej dwa dni wcześniej. W naszym rankingu operujemy ostatnim dniem handlu akcjami z prawem do dywidendy i dniem wypłaty dywidendy. Ten pierwszy zawsze wypada dwa dni robocze przed dniem dywidendy, a dzień później, nominalna kwota dywidendy na akcję zostaje odjęta od kursu zamknięcia dnia poprzedniego . Dzień wypłaty jest kształtowany dowolnie i czasami od przyznania prawa (dzień dywidendy) do otrzymania przelewu na konto może upłynąć kilka tygodni. Pamiętaj, że wypłaty dywidend ze spółek są obciążone zryczałtowanym podatkiem dochodowym wg stawki 19 proc. , chyba że trafiają na rachunek IKE/IKZE, gdzie przelew przychodzi w pełnej kwocie. W polskich warunkach giełdowe spółki raportują roczne wyniki zwykle w marcu i kwietniu . Wtedy też pojawiają się deklaracje zarządów względem proponowanej dywidendy , które po drodze muszą uzyskać aprobatę rady nadzorczej, ale to dopiero walne zgromadzenie akcjonariuszy podejmuje ostateczną decyzję, co oznacza, ze mamy już pewność, że dywidenda zostanie wypłacona. Zgodnie z przepisami uchwała o podziale zysku musi zostać podjęta najpóźniej 6 miesięcy po zakończeniu roku obrotowego. Kilka walnych już uchwały podjęło, a część spółek nawet wypłaciła dywidendy (nie ma ich w naszym rankingu). Większość jednak czeka do ostatniej chwili, dlatego prezentowane dywidendy w najbliższych tygodniach obejmują i te już uchwalone przez WZA, ale także rekomendowane przez zarząd i zatwierdzone przez rady nadzorcze ujęte jako proponowane. To także nie wszystkie możliwe wypłaty, bo komunikaty od spółek w sprawie proponowanego podziału zysku spływają na bieżąco. Już w piątek 22 maja wypada ostatni możliwy dzień, aby nabyć akcje z prawem do dywidendy ED INVEST . Ostatnim dniem, kiedy będzie można jeszcze kupić akcje z prawem do dywidendy za 2025 r. od 3RGAMES jest 27 maja. Dzień później analogiczna sytuacja będzie dotyczyła Grupy ATM, KRUKA, MENNICY oraz spółki WAWEL . W maju prawo do dywidendy będzie można jeszcze otrzymać, kupując akcje DIAGNOSTYKI I ŚNIEZKI . W obu przepadkach ostatnim dniem na to będzie 29 maja. W czerwcu już niemal codziennie będzie wypadał ostatni dzień na zakup akcji z prawem do dywidendy jakiejś spółki. 1 czerwca  dotyczyć będzie BUDIMEKSU , 2 czerwca FREEMIND , 3 czerwca CEZ i ASSECO BS , a 5 czerwca TALEKSU, SELENY i IFIRMY , która wypłaci kwartalną dywidendę. Należy przy tym pamiętać o czwartkowej (4 czerwca) przerwie w handlu z powodu Bożego Ciała. Po długim weekendzie dywidendowy rozkład jazdy prezentuje się następująco: 8 czerwca to ostatni moment, aby załapać się na dywidendę od B-ACT, INTERCARS, TARCZYNSKI, TERMOREX . 9 czerwca mija termin dla AUTOPARTNERA, ENEI, FROZENWAY i MANGATY . Dzień później (10 czerwca) dla SHOPERA i VERCOMU . Z kolei 11 czerwca to data graniczna dla chcący załapać się na dywidendy od PEKAO, STALEXPORTU, DEKPOLU i  XTB. 12 czerwca zapiszą inwestorzy polujący na dywidendę od EKOBOKSU i GRUPY SECO. Druga połowa czerwca będzie nie mniej napięta. Zaczniemy 15 czerwca od ostatniego dnia na kupno akcji z prawem do dywidendy TAURONU , potem 16 czerwca będzie to ORLEN, a 17 czerwca CLOUD, ELEKTROTIM i FABRITY . Dzień później (18 czerwca) DG-Net i GAMES OPEARTORS , 19 czerwca LENA, OPONEO.PL i WASKO . W ostatnim tygodniu roku szkolnego wypadnie ostatni moment na kupno akcji ASSECO SEE, BIOPLANET, GRUPY RACUJ, ORANGE, ROBINSON (22 czerwca), a także ATALU, DOM DEVELOPMENT, HANDLOWEGO, KGHM, MURAPOLU, PASSUSA, SONELA i zaliczki od LPP. Najciekawsze są jednak oferowane stopy dywidendy. Wyjątkowo wysoka stopa dywidendy na poziomie 24,05 proc. w przypadku STALEXPORTU odzwierciedla dążenie spółki do maksymalnej dystrybucji gotówki przed zbliżającym się wygaśnięciem koncesji na autostradę A4 w marcu 2027 roku. Rynek wycenia ten walor z dużym dyskontem ze względu na wysokie ryzyko utraty niemal 99% dotychczasowych przychodów grupy, co kwalifikuje spółkę jako klasyczny przykład pułapki dywidendowej. Propozycja wypłaty 2,50 zł na akcję FABRITY pozwala na uzyskanie atrakcyjnej stopy dywidendy w wysokości 9,80 proc. pomimo przejściowego osłabienia zysków w 2025 roku. Perspektywę wzmacnia podpisanie nowych kontraktów ramowych z PKP PLK oraz unijną agencją Frontex, co powinno przełożyć się na poprawę wyników od pierwszej połowy 2026 roku i być może szybkie zamknięcie tzw. luki dywidendowej. Z kolei rekomendacja dywidendy od FREEMIND w wysokości 0,50 zł na akcję implikuje wysoką stopę zwrotu na poziomie 8,90% i pozycjonuje spółkę jako interesującego płatnika w segmencie mniejszych producentów gier komputerowych. Stabilna polityka dystrybucji zysków, realizowana przy wsparciu dominującego akcjonariusza PlayWay, potwierdza skuteczność niskobudżetowego modelu wydawniczego. Proponowana dywidenda od PEKAO na poziomie 19,77 zł na akcję przekłada się na bardzo solidną stopę zwrotu rzędu 8,55%, co jest bezpośrednim efektem rekordowego zysku netto na poziomie blisko 7 mld zł w 2025 roku. Pomimo wyzwań związanych z potencjalnymi obniżkami stóp procentowych w drugiej połowie 2026 roku, bank utrzymuje niezwykle silną pozycję kapitałową i płynnościową. HANDLOWY to kolejny bank, którego dywidenda w wysokości 9,80 zł na akcję, daje wysoką stopę na poziomie 8,36%. Tegoroczna propozycja, wraz z październikową zaliczką, daje 13,24 zł na akcję i tym samym wyznacza nowy rekord w historii banku. Tuż po sfinalizowaniu sprzedaży części detalicznej Handlowy podtrzymuje tradycję hojnej polityki dystrybucji zysków. Swoją historię buduję GAMES OPERATORS , a rekomendacja wypłaty 1,10 zł na akcję pozwala na osiągnięcie stopy dywidendy na poziomie 7,80%, co stanowi kontynuację konsekwentnej i regularnej polityki dzielenia się zyskiem z akcjonariuszami od pięciu lat. Spółka wykazuje wysoką elastyczność finansową, pokrywając rekomendowaną kwotę częściowo z kapitału zapasowego, co minimalizuje negatywny wpływ wahań przychodów typowych dla branży gamingowej. Dywidendy to jeden kluczowych czynników, na który patrzą długoterminowi inwestorzy, zwłaszcza instytucjonalni , ponieważ zapewniają pasywny dochód, czyli możliwość otrzymania gotówki ze spółki bez konieczności sprzedaży akcji i zmniejszenia udziału. W przypadku corocznych wypłat dokonywanych od wielu lat pozwalają często zwrócić koszt nabycia akcji. Przypomnijmy jeszcze, że GPW Benchmark oblicza dwa indeksy na podstawie notowań spółek wypłacających regularnie dywidendy . Jednym jest indeks WIGdiv, w skład którego wchodzą akcje spółek z WIG20, mWIG40 lub sWIG80 pod warunkiem, że na przestrzeni ostatnich 5 lat obrotowych regularnie dokonywały wypłaty dywidendy. Obecnie indeks ten liczy 47 spółek, a średnia stopa dywidendy dla całego portfela wynosi 4,9 proc. Od lutego 2025 r. publikowany jest drugi indeks WIGdivplus, do którego także zaliczają się spółki z trzech głównych segmentów rynku, które regularnie płacą dywidendę powyżej stopy 2 proc ., a ponadto robiły to na przestrzeni ostatnich 3 lat lub 4 z ostatnich 5 lat obrotowych. Obecnie portfel tego indeksu obejmuje 55 spółek, a jego stopa dywidendy wynosi 5,9 proc","https://www.bankier.pl/wiadomosc/Ranking-ostatniej-szansy-Ktore-spolki-z-GPW-rozdziela-zysk-przed-urlopem-9135815.html"
"2026-05-20","Bankier","Huśtawka cenowa na rynku paliw. Orlen cofa podwyżki w hurcie, ale detal wciąż rośnie","Orlen obniżył w środę hurtowe ceny benzyny bezołowiowej Eurosuper 95 o 18 zł, benzyny bezołowiowej Super Plus 98 o 15 zł, a oleju napędowego Ekodiesel o 31 zł na metr sześc. - wynika z danych opublikowanych przez koncern. Poprzednio, we wtorek, w hurcie Orlenu wszystkie te paliwa zdrożały. Według aktualnego hurtowego cennika koncernu w środę benzyna bezołowiowa Eurosuper 95 kosztuje tam 5 tys. 723 zł za metr sześc., czyli o 18 zł mniej niż dzień wcześniej , benzyna bezołowiowa Super Plus 98 kosztuje 6 tys. 237 zł za metr sześc., czyli 15 zł mniej niż po poprzedniej korekcie , natomiast olej napędowy Ekodiesel kosztuje 6 tys. 156 zł za metr sześc., co oznacza spadek o 31 zł w porównaniu do ostatniej zmiany cen. Poprzednio, we wtorek, Orlen podniósł hurtowe ceny paliw, w tym benzyny bezołowiowej Eurosuper 95 oraz benzyny bezołowiowej Super Plus 98 o 97 zł, do odpowiednio 5 tys. 741 zł za metr sześc. i 6 tys. 252 zł za metr sześc.; z kolei w przypadku oleju napędowego był to wzrost o 140 zł, do 6 tys. 187 zł za metr sześc. Od 31 marca na wszystkich stacjach w Polsce obowiązują ceny maksymalne paliw, wprowadzone czasowo w ramach rządowego pakietu regulacji „Ceny Paliwa Niżej”, który ma ograniczać wzrost cen tych produktów. Ceny te ustalane są na podstawie średniej ceny hurtowej paliw na rynku krajowym, powiększonej o akcyzę, opłatę paliwową, a także marżę sprzedażową i podatek VAT. Jak wynika z aktualnego obwieszczenia ministra energii o cenach maksymalnych, w środę na stacjach litr benzyny bezołowiowej 95 kosztuje nie więcej niż 6,52 zł, benzyny bezołowiowej 98 - 7,07 zł, a oleju napędowego - 7,00 zł. Oznacza to, że ceny tych paliw wzrosły w porównaniu do wtorku, gdy litr benzyny bezołowiowej 95 kosztował maksymalnie 6,42 zł, benzyny bezołowiowej 98 - 6,97 zł, natomiast oleju napędowego - 6,85 zł. Ceny maksymalne paliw Ministerstwo Energii ogłasza w codziennym obwieszczeniu, ale obowiązują one od dnia następnego po publikacji w Monitorze Polskim. W przypadku ogłoszenia przed dniami wolnymi od pracy i świętami obowiązują do najbliższego dnia roboczego włącznie. Pierwszego dnia obowiązywania cen maksymalnych paliw na stacjach, czyli 31 marca, benzyna bezołowiowa 95 kosztowała nie więcej niż 6,16 zł za litr, benzyna bezołowiowa 98 - 6,76 zł, a olej napędowy - 7,60 zł. W ubiegłym tygodniu w Dzienniku Ustaw ukazały się rozporządzenia, z których wynika, że stawka VAT na benzynę oraz olej napędowy i biokomponenty stanowiące samoistne paliwa, która została obniżona z 23 proc do 8 proc., będzie obowiązywała do 31 maja. Do końca maja została przedłużona także obniżka podatku akcyzowego na te same paliwa. Według wcześniejszych regulacji pakietu „Ceny Paliwa Niżej” obniżone stawki VAT i akcyzy miały obowiązywać do 15 maja. Atak USA i Izraela na Iran 28 lutego spowodował w kolejnych dniach wzrost notowań ropy naftowej na świecie, a także notowań paliw gotowych, co przełożyło się na ceny detaliczne tych produktów na stacjach, również w Polsce.(PAP) mb/ ktl/","https://www.bankier.pl/wiadomosc/Hustawka-cenowa-na-rynku-paliw-Orlen-cofa-podwyzki-w-hurcie-ale-detal-wciaz-rosnie-9136031.html"
"2026-05-20","Bankier","TRANS POLONIA S.A.: Zawarcie z Orlen Paliwa istotnej umowy na przewóz produktów niebezpiecznych (gaz płynny)","KOMISJA NADZORU FINANSOWEGO Raport bieżący nr / 2026 Data sporządzenia: 2026-05-20 Skrócona nazwa emitenta TRANS POLONIA S.A. Temat Zawarcie z Orlen Paliwa istotnej umowy na przewóz produktów niebezpiecznych (gaz płynny) Podstawa prawna Art. 17 ust. 1 Rozporządzenia MAR – informacje poufne Treść raportu: Zarząd spółki Trans Polonia S.A.  (dalej: „Emitent” lub ""Spółka"") informuje o otrzymaniu informacji, że została podpisana umowa o świadczenie usług transportu drogowego pomiędzy Orlen Paliwa sp. z o.o. a Nijman/Zeetank International Transport sp. z o.o. (spółka zależna Emitenta). Umowa dotyczy usługi przewozu produktów niebezpiecznych (gaz płynny) - dystrybucja na terenie kraju w latach 2027 – 2032. Umowa została zawarta na okres 5 lat oraz zawiera możliwość przedłużenia o kolejne dwa lata. Wartość kontraktu szacowana jest na 250 mln zł. W ocenie Zarządu realizacja zadania umownego oznacza możliwość wykorzystania potencjału oraz doświadczenia Grupy Trans Polonia w zakresie przewozu paliw oraz wpisuje się w strategię intensywnego rozwoju organicznego Grupy. MESSAGE (ENGLISH VERSION) TRANS POLONIA SPÓŁKA AKCYJNA (pełna nazwa emitenta) TRANS POLONIA S.A. Usługi inne (uin) (skrócona nazwa emitenta) (sektor wg. klasyfikacji GPW w W-wie) 83-110 Tczew (kod pocztowy) (miejscowość) Rokicka (ulica) (numer) +48-58-533-90-15 +48-58-533-90-10 (telefon) (fax) zarzad@transpolonia.pl www.transpolonia.pl (e-mail) (www) 5932432396 193108360 (NIP) (REGON) PODPISY OSÓB REPREZENTUJĄCYCH SPÓŁKĘ Data Imię i Nazwisko Stanowisko/Funkcja Podpis 2026-05-20 Krzysztof Luks Wiceprzes Zarządu 2026-05-20 Eliza Stec Prokurent","https://www.bankier.pl/wiadomosc/TRANS-POLONIA-S-A-Zawarcie-z-Orlen-Paliwa-istotnej-umowy-na-przewoz-produktow-niebezpiecznych-gaz-plynny-9136134.html"
"2026-05-20","Bankier","Trans Polonia ma umowę o wartości ok. 250 mln zł na przewóz produktów niebezpiecznych","Trans Polonia podpisała z Orlen Paliwa umowę o wartości ok. 250 mln zł na przewóz produktów niebezpiecznych - poinformowała spółka w komunikacie. Umowa dotyczy usługi przewozu produktów niebezpiecznych (gaz płynny) - dystrybucja na terenie kraju w latach 2027 - 2032. Umowa została zawarta na okres 5 lat oraz zawiera możliwość przedłużenia o kolejne dwa lata. (PAP Biznes) seb/ gor/","https://www.bankier.pl/wiadomosc/Trans-Polonia-ma-umowe-o-wartosci-ok-250-mln-zl-na-przewoz-produktow-niebezpiecznych-9136135.html"
"2026-05-20","Bankier","Rząd szykuje potężny windfall tax. Orlen zapłaci nawet 6 miliardów złotych","Przedstawiony projekt ustawy o podatku od nadzwyczajnych zysków może oznaczać dla Orlenu 6 mld zł dodatkowego podatku, a dla Unimotu może on sięgnąć 60-200 mln zł - wynika z szacunków Michała Kozaka, analityka Trigon DM. Rząd chce w drugim kwartale 2026 przyjąć projekt ustawy o podatku od nadzwyczajnych zysków z tytułu wytwarzania niektórych paliw ciekłych i ich obrotu osiągniętych w 2026 r. "" Zwracamy uwagę, że zapisy są nieprecyzyjne, ale na ten moment nasz wstępny szacunek wskazuje, że przy utrzymaniu obecnego makro do końca roku, WFT w Orlenie mógłby wynieść 6 mld zł (5,2 zł na akcję), a w Unimot 60-200 mln zł (7-24 zł na akcję )"" - napisał Michał Kozak w raporcie dziennym Trigon DM. Dodał, że teoretycznie górną granicą WFT w sektorze w 2026 r. może być kwota 14,4 mld zł, jako łączny ubytek przychodów budżetowych z tytułu obniżonego podatku VAT i akcyzy w paliwach w okresie marzec-grudzień 2026 roku (1,6 mld zł miesięcznie). W ocenie analityka Trigon DM formuła podatku windfall tax (WFT) jest na ten moment nieprecyzyjna. Wydaje się jednak, że rząd zdecydował się na opodatkowanie produkcji i handlu paliwami płynnymi w Polsce, zamiast upstreamu. Oznaczałoby to wpływ na obszar rafinacji i handlu paliwami w Orlenie, oraz paliw płynnych i LPG w Unimot - napisał Michał Kozak. Analityk przypomniał, że w latach 2022/2023 WFT obejmował obszar upstreamu w Orlenie (bez wpływu na Unimot). ""W Unimocie nie zakładaliśmy WFT, a w Orlenie przyjęliśmy podatek 5,1 mld zł, ale prognozując normalizację marż w kolejnych kwartałach. Uważamy, że rynek zdyskontował WFT w Orlenie (jako rząd wielkości 4-5 mld zł), natomiast nie uwzględniał go w wycenie Unimotu"" - napisał Michał Kozak. ""Rynek powinien w coraz mniejszym stopniu uwzględniać in plus w kursie obecne świetne makro w paliwach, ponieważ nadwyżkowa marża będzie konsumowana przez WFT"" - dodał. Rządowy projekt zawiera propozycję ustanowienia nowej, epizodycznej daniny publicznej – podatku od nadzwyczajnych zysków (tzw. windfall tax) – skierowanej do przedsiębiorców prowadzących działalność w obszarze rynku ropy naftowej, tj. podmiotów będących producentami lub dokonujących z obrotu zagranicą niektórymi paliwami ciekłymi. Podstawę opodatkowania podatkiem od nadzwyczajnych zysków stanowić będzie nadwyżka osiągniętych przez podatnika przychodów ze sprzedaży paliw ciekłych ponad kwotę przychodów z tego tytułu, jaka zostałaby osiągnięta przez tego podatnika przy zastosowaniu jego średniej marży sprzedaży paliw ciekłych z roku 2025 powiększonej o 20 proc. Proponuje się, aby stawka podatku wynosiła 75 proc. tak określonej podstawy opodatkowania , co proporcjonalnie odzwierciedla skalę nieoczekiwanych korzyści, przy jednoczesnym pozostawieniu podatnikowi możliwości dysponowania pozostałą częścią nadzwyczajnego zysku. System poboru daniny zostanie oparty na mechanizmie samoobliczenia, obejmującym miesięczne zaliczki oraz roczne rozliczenie za sprawą dedykowanej temu deklaracji podatkowej, co zapewnia bieżące zasilanie budżetu bez generowania nadmiernych obciążeń administracyjnych po stronie podatnika, jak i organów podatkowych. Podatnikami podatku od nadzwyczajnych zysków będą przedsiębiorcy prowadzący, w okresie od 1 marca 2026 r. do 31 grudnia 2026 r. na terytorium Rzeczypospolitej Polskiej, samodzielnie lub za pośrednictwem innego podmiotu, działalność w zakresie wytwarzania paliw ciekłych lub importu/nabycia wewnątrzwspólnotowego paliw ciekłych. W tym celu przewiduje się ustanowienie mechanizmu porównywania bieżącej dochodowości przedsiębiorstw z historycznie osiąganymi wynikami. I tak, w myśl proponowanych rozwiązań podatek obejmie tylko tę część przychodów, która przekracza poziom referencyjny, stanowiąc tym samym zysk nadzwyczajny, niezwiązany ze wzrostem produktywności po stronie podatnika czy też wcześniejszymi inwestycjami. (PAP Biznes) pr/ osz/","https://www.bankier.pl/wiadomosc/Podatek-winfall-tax-moze-kosztowac-Orlen-6-mld-zl-a-Unimot-60-200-mln-zl-Trigon-opinia-9136180.html"
"2026-05-20","Bankier","ARP i Grupa TFK podpisały listy intencyjne ws. wykorzystania polskiego kablowca przy polskim offshorze","ARP i Grupa TFK podpisały listy intencyjne dotyczące wykorzystania polskiego statku kablowca do instalacji i serwisowania polskich farm wiatrowych powstających na Morzu Bałtyckim - poinformowała ARP. Kablowiec ma być gotowy w 2029 r., gdy rozpocznie się II faza budowy polskich farm wiatrowych na Bałtyku. Inicjatorzy budowy pierwszego polskiego statku kablowca, ARP i Grupa TFK, podpisały w środę listy intencyjne ws. współpracy z PGE Baltica i Orlen Neptun. ""Już zapisujemy się w kolejkę na usługi serwisowania (przez polski kablowiec - PAP)"" - powiedział przy okazji podpisania listu Bartosz Fedurek, prezes PGE Baltica. ""To jest projekt poważny, teraz będzie trwał wybór stoczni, w której zostanie wybudowany. Wiem, że ARP wspólnie z partnerami prowadzi takie negocjacje - to powstanie oczywiście w polskich stoczniach. Cykl produkcji to jest kilka lat. Wszyscy (...) chcielibyśmy, żeby ta jednostka była czynna jak najszybciej z punktu widzenia i rozwoju całego biznesu offshore i też poruszanej tutaj kwestii bezpieczeństwa"" - powiedział dziennikarzom uczestniczący w podpisaniu listu minister aktywów państwowych Wojciech Balczun. Jak wyjaśniał Piotr Mirek, członek zarządu Tele-Fonika Kable, za budowę statku odpowiedzialna będzie spółka celowa utworzona przez ARP i Grupę TFK, która zleci budowę statku w wybranej stoczni. ""Chcielibyśmy, żeby statek był gotowy w 2029 roku, czyli żeby był gotowy na II fazę budowy polskich farm wiatrowych na Bałtyku"" - powiedział Mirek dziennikarzom. W styczniu 2025 r. Agencja Rozwoju Przemysłu i TELE-FONIKA KABLE podpisały list intencyjny, w którym zadeklarowały gotowość do współpracy w zakresie wzajemnego wspierania się, związanego m.in. z uczestniczeniem w programach rozwoju morskiej energetyki wiatrowej. Wskazano wówczas, że ARP oraz TFKable zadeklarowały wolę realizacji projektu, polegającego na budowie morskiej jednostki instalacyjnej Cable Lay Vessel (CLV) na potrzeby budowy i obsługi morskich farm wiatrowych zasadniczo na Bałtyku, ale także statku zdolnego do żeglugi i pracy na innych akwenach, zwłaszcza Morza Północnego. Strony wyraziły wtedy wolę nawiązania współpracy poprzez utworzenie podmiotu, który będzie realizował projekt. (PAP Biznes) jz/ osz/","https://www.bankier.pl/wiadomosc/ARP-i-Grupa-TFK-podpisaly-listy-intencyjne-ws-wykorzystania-polskiego-kablowca-przy-polskim-offshorze-9136226.html"
"2026-05-20","Bankier","Strategiczna baza PERN rozbudowana. Kolejowy most paliwowy gotowy","W Bazie Paliw PERN w Nowej Wsi Wielkiej koło Bydgoszczy w środę oddano do eksploatacji stanowiska pozwalające na jednoczesny rozładunek 36 wagonów-cystern. To zwiększa dwukrotnie możliwości przeładunkowe paliw dostarczanych koleją. W oddaniu do użytku inwestycji, określanej jako „masowy front kolejowy”, udział wziął minister energii Miłosz Motyka. Minister podkreślił, że Baza Paliw w Nowej Wsi Wielkiej jest drugą pod względem wielkości bazą PERN w kraju, mającą strategiczne znaczenie z punktu widzenia logistycznego i infrastrukturalnego w zakresie dostarczania paliw. - To strategiczna inwestycja w strategiczną infrastrukturę energetyczną. To jest de facto podwojenie zdolności przeładunkowych „masowego frontu kolejowego”. To budowa nowego mostu pomiędzy północą i centralną Polską, jeżeli chodzi o dostawy paliw - powiedział minister. Minister podkreślił, że globalny kryzys cen paliw pokazał jak ważne jest zwiększanie zdolności infrastrukturalnych i logistycznych, wzmacniania systemu zaopatrzenia w paliwa - od importu, przez magazynowanie, po sprawną dystrybucję. Minister zaznaczył, że w Nowej Wsi Wielkiej trwają kolejne inwestycje - rozbudowa powierzchni magazynowej i zwiększenie możliwości przeładunkowych. - Jesteśmy bardzo aktywni i dążymy do tego, żeby Polska została włączona do systemu ropociągów NATO. Wspólnie z MON pracujemy nad rozwiązaniami, które poprawią bezpieczeństwo Polski na co dzień i w razie ewentualnego kryzysu. Dzisiaj system tych ropociągów jest rozbudowany w zachodniej Europie, ale toczą się intensywne rozmowy, żeby infrastrukturę rozszerzyć na państwa Europy Środkowo-Wschodniej, w tym Polskę. Nie może być NATO dwóch prędkości - zaznaczył Motyka. Prezes PERN Daniel Świętochowski podkreślił, że baza w Nowej Wsi Wielkiej to kolejny hub paliwowy w centralnej Polsce, który umożliwia dalszą redystrybucję paliw w głąb kraju. Zaznaczył, że baza ta była przygotowana na odbiór paliw rurociągiem z Płocka, a dalej koleją lub rurociągiem do Rejowca. - Obecnie szukamy rozwiązań, żeby zapewnić pracę rewersyjną. Jeżeli dojdzie do sytuacji, że będzie trzeba wytłaczać paliwa z tego kierunku w głąb kraju pociągami, to mamy tutaj doskonały punkt dystrybucyjny - zaznaczył prezes PERN. Baza w Nowej Wsi Wielkiej jest jednym z najnowocześniejszych węzłów logistycznych paliw w kraju, zapewniającym sprawną redystrybucję paliw z importu i utrzymanie ciągłości zaopatrzenia rynku. Nowa inwestycja w Nowej Wsi Wielkiej to 42 nowe stanowiska do jednoczesnego rozładunku cystern kolejowych. Każde z nich wyposażono w trzy niezależne przyłącza, umożliwiające obsługę różnych paliw tj. oleju napędowego oraz benzyn silnikowych. Nowa infrastruktura zapewnia krótszy czas obsługi składów kolejowych oraz możliwość przyjmowania dużych ilości paliw i ich dalszego kierowania w głąb Polski – do innych baz, odbiorców hurtowych i na rynek detaliczny. W ramach inwestycji powstał również nowy układ torowy o długości około 3,5 kilometra, dostosowany do sprawnej obsługi pełnych składów kolejowych. PERN projektując instalację uwzględnił zarówno obecne potrzeby rynku, jak i przyszłe wyzwania sektora energii. Infrastruktura została przygotowana do obsługi biopaliw nowej generacji, w tym HVO (uwodornionego oleju roślinnego). PERN z siedzibą w Płocku (Mazowieckie) to podmiot strategiczny dla bezpieczeństwa energetycznego Polski. Spółka zarządza infrastrukturą krytyczną, odpowiadając za tłoczenie rurociągami ropy naftowej do krajowych rafinerii Grupy Orlen w Płocku i w Gdańsku oraz do dwóch rafinerii w Niemczech, a także za magazynowanie w swych bazach na terenie całego kraju surowca i paliw. W Polsce PERN zarządza siecią ponad 2,5 tys. km rurociągów naftowych oraz produktowych, a także 19 bazami paliw, których pojemność wynosi w sumie ponad 2,8 mln m sześc. oraz 4 bazami ropy naftowej o łącznej pojemności ponad 4,2 mln m sześc. (PAP) rau/ mmu/","https://www.bankier.pl/wiadomosc/Strategiczna-baza-PERN-rozbudowana-Kolejowy-most-paliwowy-gotowy-9136273.html"
"2026-05-20","Bankier","Polskie akcje hitem na Bałkanach. Ruszył pierwszy taki ETF","Polskie największe spółki stają się łakomym kąskiem dla inwestorów z Chorwacji. Na giełdach w Zagrzebiu, ale także słoweńskiej Lublanie oficjalnie zadebiutował InterCapital Poland WIG30TR UCITS ETF – pierwszy chorwacki fundusz dający bezpośrednią ekspozycję na 30 najpłynniejszych spółek z warszawskiego parkietu. Polscy inwestorzy muszą jednak obejść się smakiem. Na Giełdzie Papierów Wartościowych w Zagrzebiu rozpoczęto notowania nowego instrumentu, który otwiera krajowym inwestorom drzwi do polskiego rynku akcji. Fundusz zarządzany przez InterCapital ETF d.o.o. śledzi indeks WIG30TR (Total Return) . w 2013 r. WIG20 to indeks złożony z 30 spółek, który zaczęto obliczać w 2013 r. Początkowo miał zastąpić WIG20, ale pomysł ten upadł. Wersja TR uwzględnia nie tylko zmiany kursów akcji, ale również dochody z dywidend. Decyzja o stworzeniu funduszu opartego na indeksie WIG30TR nie jest przypadkowa. Jak podkreśla Krešo Vugrinčić, CEO InterCapital ETF, Polska przestała być postrzegana jedynie jako ""lokalny rynek"", stając się regionalną potęgą gospodarczą. Polska to dzisiaj gospodarka warta ponad bilion dolarów, wykazująca dynamikę wzrostu przekraczającą średnią unijną. Jednocześnie tamtejszy rynek kapitałowy wciąż oferuje atrakcyjne wyceny w porównaniu do rynków rozwiniętych. Dlatego uważamy, że ważne jest zapewnienie krajowym inwestorom łatwego dostępu do tego rynku za pośrednictwem ETF notowanego na Giełdzie Papierów Wartościowych w Zagrzebiu -  tłumaczy Vugrinčić. Dla chorwackiego dostawcy, który w swoim portfolio posiada już fundusze na akcje rodzime, słoweńskie oraz rumuńskie, uruchomienie funduszu jest naturalnym krokiem w budowie szerokiej oferty dla regionu CSEE (Central and South Eastern Europe). Międzynarodowy numer identyfikacyjny papierów wartościowych, niezbędny do precyzyjnego wyszukania funduszu u brokera, czyli numer ISIN to HRICAMFPWIG3. Skrócona nazwa używana na giełdzie w Zagrzebiu to 7POL (ticker) . Fundusz jest kwotowany w euro , co dla inwestorów z Polski oznacza dodatkową ekspozycję na ryzyko kursowe (PLN/EUR). ETF stosuj akumulacyjną politykę dywidendową, co oznacza, że dywidendy wypłacane przez polskie gigantów, takich jak PKO BP, Orlen czy PZU, nie trafiają bezpośrednio na konta uczestników, lecz są reinwestowane w fundusz, podnosząc jego wartość i potęgując efekt procentu składanego Z perspektywy technicznej instrument prezentuje się solidnie. Wskaźnik kosztów całkowitych (TER) wynosi 0,6% w skali roku, co jest konkurencyjną stawką w segmencie ETF-ów na rynki wschodzące. Rolę depozytariusza pełni OTP Banka d.d., a kapitał zakładowy firmy zarządzającej wynosi 125 000 EUR. Fundusz posiada paszport UCITS, co gwarantuje zgodność z restrykcyjnymi unijnymi normami bezpieczeństwa i przejrzystości. Instytucja dbająca o płynność , która gwarantuje, że w arkuszu zleceń zawsze znajdą się oferty kupna i sprzedaży jest Interkapital d.o.o. (animator) Paradoksalnie, mimo że fundusz opiera się na rodzimym indeksie, dla przeciętnego inwestora znad Wisły jest on obecnie niemal nieosiągalny. Weryfikacja oferty detalicznych biur i domów maklerskich prowadzących działalność na terytorium Polski wykazuje, że żaden krajowy podmiot nie oferuje bezpośredniego dostępu do rynku kasowego w Zagrzebiu , tym bardziej do parkietu w Lubljanie. Brak bezpośredniego dostępu u polskich brokerów wynika z uwarunkowań biznesowych. K oszty utrzymania łączności technologicznej z rozliczeniowym systemem w Chorwacji oraz relacji z tamtejszymi bankami powierniczymi przewyższają potencjalne przychody z prowizji, generowane przez niszowe zainteresowanie polskich inwestorów. Chętni inwestorzy mogą realizować ekspozycję na rynek chorwacki drogą pośrednią. Giełda w Zagrzebiu figuruje na oficjalnej liście miejsc wykonywania zleceń np. Interactive Brokers. Dla profesjonalnych inwestorów inną ścieżką pozostaje bezpośrednie otwarcie rachunku maklerskiego domy maklerskim w Chorwacji, takimi jak InterCapital Securities, czyli największy niezależny dom maklerski w Chorwacji, czy korzystając z OTP banka, jednego z głównych banków komercyjnych w Chorwacji oferujący usługi maklerskie. Artur Wiśniewski, makler i autor portalu stockbrocker.pl, śledzący branżę ETF zauważ, że obecność funduszu na dwóch unijnych giełdach (Chorwacja i Słowenia) znacząco ułatwia proces ewentualnego cross-listingu na GPW. Wykorzystanie mechanizmu paszportowania prospektu mogłoby sprawić, że InterCapital Poland WIG30TR pojawi się w Warszawie szybciej, niż zakładają sceptycy. Właśnie zadebiutował pierwszy ETF na WIG30! InterCapital Poland WIG30 UCITS ETF - to pierwszy chorwacki ETF na polskie akcje. Odwzorowuje on indeks WIG30TR, skupiający 30 największych polskich spółek. Właśnie zadebiutował na 2 parkietach: - Zagrzeb (Zagrebacka Burza) -… pic.twitter.com/y4rXwXbTd3 Wydaje się, że wprowadzenie funduszu na warszawski parkiet byłoby korzystne dla obu stron. GPW zyskałaby dodatkowy produkt w ciągle rozbudowywanej ofercie ETF , a polscy inwestorzy otrzymaliby kolejne narzędzie do efektywnego kosztowo budowania portfela opartego na indeksie, którego na krajowym parkiecie nie śledzi jeszcze żaden fundusz ETF . Znajdziemy za to m.in. fundusze oparte o WIG20TR, mWIG40TR oraz sWIG80TR, a od niedawna także ETF śledzący 60 największych spółek z WIG20 i mWIG40 także w wersjach dochodowych . Nowy ETF od Chorwatów to most łączący oba rynki kapitałowe. Wcześniej miała być pierwsza oferta publiczna (IPO) spółki Studenac Group, wiodącej chorwackiej sieci sklepów spożywczych. Prospekt zakładał równoległy debiut na giełdach w Warszawie i Zagrzebiu w 2024 r., przy czym w Polsce akcje miały być notowane w złotych (PLN), a w Chorwacji w euro (EUR). Transakcja została odwołana ze względu na trudne warunki rynkowe. Na GPW od 2012 r. jest natomiast notowana słoweńska KRKA działająca w branży farmaceutycznej. Starsi inwestorzy mogą pamiętać także historię słoweńskiego banku Nova KBM, który także był notowany na GPW . MKu","https://www.bankier.pl/wiadomosc/ETF-na-WIG30-w-euro-Na-gieldzie-w-Zagrzebiu-zadebiutowal-fundusz-na-spolki-z-Polski-9136080.html"
"2026-05-20","Bankier","Szef MAP: Poprawiają się warunki dla Grupy Azoty. Koniec widma upadku chemicznego giganta?","Szereg ostatnich działań, m.in. przyjęty przez Komisję Europejską plan dla branży nawozowej sprawia, że poprawiają się warunki dla Grupy Azoty - ocenił w rozmowie z dziennikarzami minister aktywów państwowych Wojciech Balczun. Jego zdaniem poprawił się też klimat rozmów z bankami o restrukturyzacji zadłużenia, choć są one bardzo trudne. ""Byłem w poniedziałek i spotykałem się z zarządem Grupy Azoty i z przedstawicielami strony społecznej w Tarnowie,  były to bardzo konstruktywne rozmowy. Wiem, zapadły też decyzje na poziomie Komisji Europejskiej, które istotnie zmieniają uwarunkowania rynku i świadomość tego, jak należy chronić europejski rynek i dbać o bezpieczeństwo, również bezpieczeństwo żywnościowe. Kwestie produkcji Azotów i nie utraty tych kompetencji są bardzo istotne z tej perspektywy, więc poprawiają się warunki dla Azotów"" - powiedział dziennikarzom Balczun, pytany o sytuację grupy. Jak zauważył, dalej sytuacja jest trudna w związku z historycznym zadłużeniem. ""Mimo tego, że jesteśmy na finiszu już formalnym dotyczącym przejęcia projektu Poliolefins przez Orlen, to i tak pozostaje kwestia restrukturyzacji zadłużenia, które przecież w pewnym momencie doszło do poziomu nawet 18 mld. Wszystkie te rzeczy robimy jednocześnie z dużą presją na to, żeby Grupa Azoty wyszła na prostą i stanowiła istotny element polskiego krajobrazu gospodarczego"" - dodał. W jego ocenie dzięki całemu szeregowi działań, również po stronie MAP, klimat rozmów z bankami poprawił się. ""Rozmowy z bankami są bardzo trudne, ale w moim przekonaniu, ten klimat rozmów się zdecydowanie poprawił. Przez cały poprzedni rok praktycznie pod wielką presją tego ciążącego zadłużenia i projektu Poliolefins negocjowane były stand-stille w układzie miesięcznym. W tej chwili jest dużo większe otwarcie banków na rozmowę o stabilnym procesie restrukturyzacji zadłużenia i roli banku w tym procesie"" - zaznaczył Balczun. MAP planuje jeszcze w tym roku dokapitalizowanie Grupy Azoty z Funduszu Inwestycji Kapitałowych, zarządzanego przez Ministerstwo Aktywów Państwowych. W marcu NWZ Grupy Azoty zdecydowało o nowej emisji do 33.726.465 akcji serii E o wartości nominalnej 5 zł za papier, a Skarb Państwa zgłosił projekt uchwały NWZ Grupy Azoty w sprawie podwyższenia kapitału zakładowego spółki poprzez emisję akcji serii E z wyłączeniem w całości prawa poboru. Komisja Europejska zapowiedziała we wtorek, że przekaże unijne wsparcie finansowe w ramach Wspólnej Polityki Rolnej dla rolników w związku z wysokimi cenami nawozów. Szczegóły pakietu mają zostać przedstawione przed wakacjami. Inicjatywa ma na celu wsparcie rolników borykających się z rosnącymi kosztami nawozów i niedoborem nawozów, wzmocnienie produkcji krajowej i zmniejszenie zależności Europy od przywozu. W rozmowie z PAP Biznes prezes Grupy Azoty Marcin Celejewski ocenił, że przyjęty przez Komisję Europejską plan działań dla branży nawozowej spełnia wiele jej postulatów, szczególnie istotne jest dostrzeżenie problemu rosnącej luki konkurencyjnej pomiędzy Europą a innymi regionami świata. Jak dodał, o skuteczności Fertiliser Action Plan zdecydują konkretne rozwiązania legislacyjne i finansowe. (PAP Biznes) jz/ gor/","https://www.bankier.pl/wiadomosc/Poprawiaja-sie-warunki-dla-Grupy-Azoty-Balczun-MAP-9136322.html"
"2026-05-19","Bankier","Orlen zmienił ceny paliw. Znamy nowe stawki hurtowe","Orlen podniósł we wtorek hurtowe ceny paliw, w tym benzyny bezołowiowej Eurosuper 95 i benzyny bezołowiowej Super Plus 98 o 97 zł, a oleju napędowego Ekodiesel o 140 zł na metr sześc. - wynika z danych koncernu. Poprzednio, w sobotę, w hurcie Orlenu paliwa te także zdrożały. Według hurtowego cennika koncernu, we wtorek benzyna bezołowiowa Eurosuper 95 kosztuje 5 tys. 741 zł za metr sześc., a benzyna bezołowiowa Super Plus 98 - 6 tys. 252 zł za metr sześc., czyli w obu przypadkach 97 zł więcej niż po ostatniej korekcie. Natomiast olej napędowy Ekodiesel kosztuje 6 tys. 187 zł za metr sześc., co oznacza wzrost o 140 zł w porównaniu do ostatniej zmiany cen. W minioną sobotę Orlen także podniósł hurtowe ceny paliw, w tym benzyny bezołowiowej Eurosuper 95 o 43 zł, do 5 tys. 644 zł za metr sześc., benzyny bezołowiowej Super Plus 98 o 38 zł, do 6 tys. 155 zł za metr sześc., natomiast oleju napędowego Ekodiesel o 29 zł, do 6 tys. 47 zł za metr sześc. Od 31 marca na wszystkich stacjach w Polsce obowiązują ceny maksymalne paliw, wprowadzone czasowo w ramach rządowego pakietu regulacji „Ceny Paliwa Niżej”, który ma ograniczać wzrost cen tych produktów. Ceny te ustalane są na podstawie średniej ceny hurtowej paliw na rynku krajowym, powiększonej o akcyzę, opłatę paliwową, a także marżę sprzedażową i podatek VAT. Jak wynika z aktualnego obwieszczenia ministra energii o cenach maksymalnych, we wtorek na stacjach litr benzyny bezołowiowej 95 kosztuje nie więcej niż 6,42 zł, benzyny 98 - 6,97 zł, a oleju napędowego - 6,85 zł. Oznacza to wzrost cen w porównaniu do tych, które obowiązywały od soboty do poniedziałku włącznie, gdy litr benzyny bezołowiowej 95 kosztował maksymalnie 6,37 zł, benzyny bezołowiowej 98 - 6,93 zł, natomiast oleju napędowego - 6,82 zł. Ceny maksymalne paliw Ministerstwo Energii ogłasza w codziennym obwieszczeniu, ale obowiązują one od dnia następnego po publikacji w Monitorze Polskim. W przypadku ogłoszenia przed dniami wolnymi od pracy i świętami obowiązują do najbliższego dnia roboczego włącznie. Pierwszego dnia obowiązywania cen maksymalnych paliw na stacjach, czyli 31 marca, benzyna bezołowiowa 95 kosztowała nie więcej niż 6,16 zł za litr, benzyna bezołowiowa 98 - 6,76 zł, a olej napędowy - 7,60 zł. W ubiegłym tygodniu w Dzienniku Ustaw ukazały się rozporządzenia, z których wynika, że stawka VAT na benzynę oraz olej napędowy i biokomponenty stanowiące samoistne paliwa, która została obniżona z 23 proc do 8 proc., będzie obowiązywała do 31 maja. Do końca maja została też przedłużona obniżka podatku akcyzowego na takie same paliwa. Według wcześniejszych regulacji pakietu „Ceny Paliwa Niżej” obniżone stawki VAT i akcyzy miały obowiązywać do 15 maja. Atak USA i Izraela na Iran 28 lutego spowodował w kolejnych dniach wzrost notowań ropy naftowej na świecie, a także notowań paliw gotowych, co przełożyło się na ceny detaliczne tych produktów na stacjach, również w Polsce. Tymczasem, jak informują maklerzy, ceny ropy naftowej na globalnych giełdach spadają po tym, jak prezydent USA Donald Trump poinformował, że na prośbę przywódców Arabii Saudyjskiej, Kataru i Zjednoczonych Emiratów Arabskich wstrzymał się z planowanym na wtorek atakiem na Iran. Baryłka ropy WTI w dostawach na lipiec jest wyceniana na NYMEX w Nowym Jorku po 106,90 dol. - to spadek o 1,62 proc., z kolei baryłka ropy Brent na ICE, także w dostawach na lipiec, notowana jest po 110,41 dol. - spadek o 1,51 proc., po wzroście w poniedziałek o 2,6 proc. (PAP) mb/ pad/","https://www.bankier.pl/wiadomosc/Orlen-zmienil-ceny-paliw-Znamy-nowe-stawki-hurtowe-9135391.html"
"2026-05-19","Bankier","DM BOŚ podniósł wycenę akcji Orlenu do 175 zł, nadal zaleca ich kupno","Analitycy Domu Maklerskiego BOŚ w raporcie z 12 maja podnieśli cenę docelową akcji Orlenu w horyzoncie 12 miesięcy do 175 zł z 144 zł wcześniej, podtrzymując rekomendację ""kupuj"". W dniu wydania raportu kurs akcji Orlenu wynosił 143,86 zł. ""Po podwyższeniu krótko- i długoterminowych prognoz dla Spółki nadal uważamy Orlen za jedną z najbardziej atrakcyjnych wśród tych, które pokrywamy ('kupuj' + 'przeważaj', 12M EV = 175,0 zł na akcję). Rozumiemy, dlaczego niektórzy inwestorzy w scenariuszu zakładającym eskalację wojny w Iranie dostrzegają pozytywne elementy dla Orlenu"" - napisano w raporcie. ""Można powiedzieć, że przyszłe warunki makroekonomiczne i generowana EBITDA mogłaby się okazać lepsza przy założeniu, że ten konflikt się przedłuża. Jednak nie zgadzamy się z pomysłami inwestycyjnymi, które sugerują, że akcje Spółki powinny być niedoważane, jeśli wojna w Iranie się zakończy. W przypadku Orlenu scenariusz de-eskalacji ma także swoje dobre strony. Racjonalne jest oczekiwanie, że im szybciej dojdzie do de-eskalacji, tym niższe ryzyko podatku od nadmiernych zysków i niższe oczekiwane koszty importu surowca od Saudi Aramco""- dodano. Analitycy zwrócili również uwagę na ostatnią nieoczekiwaną poprawę w segmencie petrochemicznym, co ich zdaniem powoduje, że walory Orlenu są dodatkowo atrakcyjne. ""Marże petrochemiczne poszybowały na poziom dotąd niespotykany i przekroczyły nawet wartości raportowane w najlepszych latach 2015-17. Jest to dla nas pozytywne zaskoczenie: 2 miesiące temu, kiedy wybuchła wojna w Iranie, obniżyliśmy nasze prognozy dla działalności petrochemicznej dostrzegając, że rosnące ceny ropy mogą jeszcze bardziej pogorszyć sytuację. Powinniśmy dodać, że pesymistyczne założenia dla branży petrochemicznej były szerokim konsensusem jeszcze niedawno"" - napisano. Depesza jest skrótem raportu DM BOŚ. Jego autorem jest Łukasz Prokopiuk. Pierwsze rozpowszechnienie rekomendacji nastąpiło 12 maja, o godzinie 7:35. W załączniku znajduje się plik z wymaganymi zastrzeżeniami prawnymi. (PAP Biznes) mcb/ gor/","https://www.bankier.pl/wiadomosc/DM-BOS-podniosl-wycene-akcji-Orlenu-do-175-zl-nadal-zaleca-ich-kupno-9135403.html"
"2026-05-19","Bankier","Orlen kończy gigantyczną inwestycję. Największa taka farma w tej części Europy już działa","Grupa Orlen zakończyła rozbudowę farmy fotowoltaicznej w Kleczewie. Największa instalacja PV w portfolio koncernu i jednocześnie jeden z największych tego rodzaju obiektów w Europie Środkowo-Wschodniej osiągnął 250 MW mocy - podał koncern w komunikacie prasowym. Jak podano, w ciągu roku farma wyprodukuje energię wystarczającą do zasilenia nawet 100 tys. gospodarstw domowych. Instalacja posiada koncesję Urzędu Regulacji Energetyki (URE) na wytwarzanie energii elektrycznej. Inwestycja Kleczew Solar & Wind, zarządzana przez spółkę Energa Wytwarzanie, powstała na zrekultywowanych terenach pokopalnianych po odkrywkach węgla brunatnego w Wielkopolsce. Obejmuje 250 MW fotowoltaiki oraz 19,2 MW mocy wiatrowej. ""Połączenie energii ze słońca i wiatru pozwala lepiej wykorzystać infrastrukturę i zwiększa stabilność produkcji energii w zmieniających się warunkach pogodowych. Instalacja została przystosowana do dalszej rozbudowy – warunki przyłączeniowe umożliwiają zwiększenie jej mocy do ok. 334 MW"" - napisano w komunikacie. Grupa Orlen rozwija portfel OZE zgodnie ze strategią zakładającą przekroczenie 12 GW mocy zainstalowanej do 2035 roku. Obejmuje ona projekty wiatrowe, fotowoltaiczne, a także biogazowe i biometanowe. (PAP Biznes) tom/ gor/","https://www.bankier.pl/wiadomosc/Grupa-Orlen-zakonczyla-rozbudowe-farmy-PV-Kleczew-ktora-osiagnela-250-MW-mocy-9135430.html"
"2026-05-19","Bankier","Wielki plan Orlenu w Norwegii. Polska powalczy o nowe złoża, padły konkretne daty","Polska chce pozyskiwać surowce z norweskiego szelfu także w kolejnych latach, traktując to jako element bezpieczeństwa energetycznego kraju — powiedział PAP minister energii Miłosz Motyka podczas wizyty w Norwegii. – Jesteśmy zainteresowani pozyskiwaniem surowców z szelfu norweskiego także w kolejnych latach. To element bezpieczeństwa energetycznego Polski. Orlen ma największe kompetencje w zakresie działalności wydobywczej. Będziemy też zachęcać do współpracy z Norwegią inne spółki energetyczne – powiedział Motyka. Należąca do Orlenu spółka Orlen Upstream Norway prowadzi wydobycie z 21 złóż na Norweskim Szelfie Kontynentalnym, posiada około 100 koncesji wydobywczych i poszukiwawczych węglowodorów. Na początku maja norweski rząd ogłosił coroczną rundę koncesyjną TFO 2026, czyli konkurs na poszukiwanie i wydobycie ropy i gazu w rozpoznanych wcześniej obszarach szelfu. Pozwolenia obejmą 70 nowych bloków na Morzu Północnym, Morzu Norweskim i Morzu Barentsa. Termin składania wniosków mija 1 września, a przyznanie licencji planowane jest w pierwszym kwartale 2027 r. W poprzedniej rundzie Orlen Upstream Norway otrzymał udziały w sześciu nowych licencjach poszukiwawczo-wydobywczych. Tegoroczny konkurs należy do większych w ostatnich latach. W dokumentach branżowych takie obszary określane są jako bloki lub części bloków. W 2025 r. do TFO dodano 76 takich obszarów, w 2024 r. – 37, w 2023 r. – 92, a w 2022 r. – 28. Utrzymanie wysokiej liczby nowych obszarów rząd uzasadnił koniecznością zapewnienia produkcji, miejsc pracy, dochodów państwa oraz bezpieczeństwa energetycznego Europy. Norweski minister energii Terje Aasland podkreślił znaczenie obecności Orlenu na norweskim szelfie. - Ta obecność mogłaby zostać jeszcze wzmocniona – powiedział Aasland. Od 2022 roku norweski gaz jest dostarczany z Norwegii rurociągiem Baltic Pipe. Importowane 8 mld m sześc. gazu rocznie pokrywa około 40 proc. obecnego zużycia w Polsce. Resort energii podkreśla, że Norwegia pozostaje jednym z najważniejszych partnerów energetycznych Polski. W 2025 r. dostawy ropy naftowej z Norwegii osiągnęły 8,3 mln ton, co odpowiadało za około 33 proc. całego importu ropy do Polski, import norweskiego LNG wyniósł ponad 3 mln ton (13 proc. całości dostaw). Z Oslo Mieszko Czarnecki (PAP) cmm/ aop/","https://www.bankier.pl/wiadomosc/Wielki-plan-Orlenu-w-Norwegii-Polska-powalczy-o-nowe-zloza-padly-konkretne-daty-9135550.html"
"2026-05-19","Bankier","Polityczne billboardy za 4,7 mln zł z Fundacji Orlen. Jest akt oskarżenia dla b. prezes","Prokuratura Regionalna w Warszawie skierowała we wtorek do warszawskiego Sądu Okręgowego akt oskarżenia przeciwko byłej prezes Fundacji Orlen Katarzynie R. - poinformował rzecznik tej prokuratury. Dodał, że w wyniku nadużycia uprawnień przez R. Fundacja poniosła szkodę w kwocie blisko 4,7 mln zł. Rzecznik warszawskiej prokuratury regionalnej prok. Mateusz Martyniuk poinformował we wtorkowym komunikacie, że Katarzyna R. została oskarżona o nadużycie uprawnień podczas pełnienia funkcji prezes Fundacji Orlen. Jak wskazał, w okresie od listopada do grudnia 2023 r. R. „ zatwierdziła sprawozdanie dotyczące sposobu wykorzystania darowizny w wysokości blisko 4,7 mln z ł”, która została przekazana Fundacji Rozwoju Gospodarki i Innowacji im. Eugeniusza Kwiatkowskiego na realizację projektu „Akademia Aktywności Obywatelskiej”. Fundacja ta - według ustaleń prokuratury - wykorzystała przekazane jej środki w sposób niezgodny z celami statutowymi Fundacji Orlen. Jak wskazano, sfinansowana została z nich kampania medialna o charakterze politycznym - zarówno w prasie ogólnopolskiej, jak i w reklamie outdoorowej, obejmującej bilboardy. Kampania zachęcała do głosowania »4 x NIE« w referendum z 15 października 2023 roku oraz przedstawiała polityków partii opozycyjnej w negatywnym świetle - podkreślono. Jak wskazano, w wyniku działania oskarżonej Fundacja Orlen poniosła szkodę majątkową w kwocie blisko 4,7 mln zł. O postawieniu kobiecie zarzutów w związku z tą sprawą warszawska prokuratura regionalna informowała na początku marca br. Prok. Martyniuk przypomniał, że wyrządzenie szkody w obrocie gospodarczym jest zagrożone karą do 10 lat pozbawienia wolności. Przypomniał także, że była prezes Fundacji Orlen nie przyznała się do popełnienia zarzucanego jej czynu i odmówiła składania wyjaśnień. „Prokurator zabezpieczył mienie podejrzanej w postaci trzech nieruchomości lokalowych i jednej nieruchomości gruntowej poprzez obciążenie ich hipoteką przymusową w wysokości ponad 3 milionów zł” - dodał rzecznik warszawskiej prokuratury regionalnej. Według informacji podawanych na początku marca br. przez „Gazetę Wyborczą”, wartość zabezpieczonych nieruchomości jest niższa niż szkoda wyrządzona fundacji. Jak dodała wówczas „GW”, zawiadomienie o przestępstwie w tej sprawie złożyły nowe władze Orlenu, gdy ich zdaniem z pieniędzy przeznaczonych na cele charytatywne i edukacyjne opłacono polityczną kampanię, którą w 2023 r. Prawo i Sprawiedliwość próbowało poprawić swój wynik wyborczy. 15 października 2023 r., w dniu wyborów parlamentarnych, zorganizowane zostało ogólnokrajowe referendum, w którym padły cztery pytania: o wyprzedaż majątku państwowego, podniesienie wieku emerytalnego, likwidację bariery na granicy z Białorusią oraz relokację migrantów. Ówczesny premier Mateusz Morawiecki uzasadniał wówczas m.in., że przeprowadzenie referendum w dniu wyborów parlamentarnych pozwala zmniejszyć koszty jego organizacji. PiS apelował wówczas do swoich wyborców o udzielenie odpowiedzi „nie” na wszystkie zadane w referendum pytania. Natomiast ówczesna opozycja zwracała się do wyborców, by głosowali na parlamentarzystów, ale odmawiali wzięcia udziału w referendum. Frekwencja w plebiscycie wyniosła 40,91 proc., w związku z czym jego wyniki nie były wiążące. Wynik referendum jest wiążący wtedy, gdy weźmie w nim udział więcej niż połowa uprawnionych do głosowania. (PAP) ef/ mark/","https://www.bankier.pl/wiadomosc/Polityczne-billboardy-za-4-7-mln-zl-z-Fundacji-Orlen-Jest-akt-oskarzenia-dla-b-prezes-9135654.html"
"2026-05-19","Bankier","Trans Polonia dywersyfikuje portfolio i pracuje nad akwizycjami, chce wrócić do wypłaty dywidendy","Trans Polonia widzi szanse rozwoju organicznego w transporcie intermodalnym i dąży do dywersyfikacji swojego portfolio, w którym zyskuje m.in. nowy segment - szkło. Zarząd pracuje nad akwizycjami i chce, by spółka wróciła do regularnej wypłaty dywidendy - poinformowali przedstawiciele spółki. ""Największe szanse wzrostu organicznego widzimy w części związanej z chemią i transportem intermodalnym. (...) Możliwość rozwoju floty kontenerów dla grupy jest najprostszym sposobem rozbudowy floty"" - powiedział prezes Dariusz Cegielski podczas spotkania z inwestorami. Ocenił, że rozbudowa floty drogowej wiąże się z kwestią wzrostu zatrudnienia i procesami rekrutacyjnymi, co jest dużym obciążeniem. Z kolei rozbudowa floty kontenerowej nie ma czynnika ludzkiego i zależy od sprawności handlowej i organizacyjnej. ""Mamy obecnie 560 kontenerów, ale zwiększenie o kolejne 500 czy tysiąc nie jest problemem"" - dodał. Trans Polonia dąży do dywersyfikacji swojego portfolio, w którym dominującą pozycję ma obecnie segment chemii. W czwartym kwartale 2024 r. dominujący udział w przychodach grupy miała chemia (73 proc.). Również w czwartym kwartale 2025 r. nadal dominującym segmentem była chemia (55 proc.), ale nowy segment – szkło – stanowił 20 proc., a paliwa 18 proc. Trans Polonia poinformowała, że w latach 2027-2032 będzie realizować kontrakt na obsługę Orlenu w zakresie zaopatrzenia stacji paliw w LPG, więc od 2027 r. wzrośnie udział segmentu paliw i dywersyfikacja przychodów będzie większa, a - w ocenie zarządu - grupa będzie oparta na trzech stabilnych nogach. Zarząd pracuje nad akwizycjami - obecnie analizuje ponad 10 potencjalnych celów akwizycyjnych i oczekuje w ciągu najbliższych 12 miesięcy co najmniej jednego większego przejęcia lub dwóch mniejszych. ""W negocjacjach skupiamy się na przejmowaniu podmiotów dobrze zabezpieczonych infrastrukturalnie, odrzucamy propozycje, gdy jest to tylko biznes operacyjny. Przykładem jest np. przejęcie Nijman/Zeetank"" - powiedział prezes. Mimo planów akwizycyjnych, zarząd zakłada powrót do regularnego dzielenia się zyskiem z akcjonariuszami. ""Dywidenda była wypłacana przez osiem ostatnich lat, wyjątkowo nie była wypłacona w zeszłym roku, bo pracowaliśmy nad przejęciem Nijman/Zeetank – decyzja kredytowa zbiegałaby się z decyzją o wypłacie dywidendy i uznaliśmy, że mogłoby to być ryzyko. Jak się później okazało, była to nadostrożność i można było zdecydować o wypłacie dywidendy"" - powiedział Cegielski. ""Traktujemy to jako incydent i na pewno polityka dywidendowa będzie profesjonalizowana i będziemy dywidendę wypłacać, by sposób jej wypłacania w następnych latach był bardziej przejrzysty dla inwestorów"" - dodał. (PAP Biznes) doa/ osz/","https://www.bankier.pl/wiadomosc/Trans-Polonia-dywersyfikuje-portfolio-i-pracuje-nad-akwizycjami-chce-wrocic-do-wyplaty-dywidendy-9135836.html"
"2026-05-19","Bankier","Rząd uderzy w zyski koncernów paliwowych. Nowy podatek ma objąć m.in. Orlen","Rząd chce do końca czerwca przyjąć projekt ustawy o podatku od nadzwyczajnych zysków z tytułu wytwarzania niektórych paliw ciekłych i ich obrotu osiągniętych w 2026 r. - wynika w wykazu prac legislacyjnych rządu. Wpływy z tego podatku mają sfinansować działania osłonowe na rynku paliw. „Nowa danina umożliwia redystrybucję części ponadnormatywnych zysków przedsiębiorstw sektora naftowego - które w normalnych warunkach rynkowych nie zostałyby osiągnięte – poprzez wykorzystanie ich m.in. do sfinansowania działań osłonowyc h, obciążających aktualnie budżet państwa” - wskazano we wpisie zamieszczonym we wtorek w wykazie prac legislacyjnych i programowych Rady Ministrów. Chodzi o obowiązujący od końca marca pakiet przepisów „Ceny Paliwa Niżej"" (CPN), na który składa się obniżenie stawki podatku VAT oraz akcyzy na benzynę i olej napędowy, a także ogłaszane codziennie maksymalne ceny detaliczne paliw. „Wprowadzone instrumenty, choć gospodarczo konieczne i społecznie uzasadnione, wiążą się ze znaczącym obciążeniem dla budżetu państwa” - wyjaśniono. Organem odpowiedzialnym za opracowanie projektu jest Ministerstwo Finansów. Planowany termin przyjęcia projektu przez radę ministrów to drugi kwartał 2026 r. Zgodnie z założeniami podatek ma objąć przedsiębiorców, którzy produkują niektóre paliwa ciekłe lub sprowadzają je zza granicy w okresie od 1 marca 2026 r. do 31 grudnia 2026 r. Podstawę opodatkowania ma stanowić nadwyżka osiągniętych przez podatnika przychodów ze sprzedaży paliw ciekłych ponad kwotę przychodów z tego tytułu, jaka zostałaby osiągnięta przez tego podatnika przy zastosowaniu jego średniej marży sprzedaży paliw ciekłych z roku 2025 powiększonej o 20 proc. Tak ustalona wartość będzie stanowić tzw. marżę referencyjną. Proponowana konstrukcja gwarantuje, że wprowadzenie nowej daniny dokona się bez uszczerbku dla zwykłej rentowności przedsiębiorcy ani nie obciąży zysków wynikających z standardowego rozwoju działalności - podano. Według resortu finansów stawka podatku wynosząca 75 proc. podstawy opodatkowania proporcjonalnie odzwierciedla skalę nieoczekiwanych korzyści, przy jednoczesnym pozostawieniu podatnikowi możliwości dysponowania pozostałą częścią nadzwyczajnego zysku. „ System poboru daniny zostanie oparty na mechanizmie samoobliczenia , obejmującym miesięczne zaliczki oraz roczne rozliczenie za sprawą dedykowanej temu deklaracji podatkowej, co zapewnia bieżące zasilanie budżetu bez generowania nadmiernych obciążeń administracyjnych po stronie podatnika, jak i organów podatkowych” - podano także. Resort finansów w sprawozdaniu z wdrażania średniookresowego planu budżetowo-strukturalnego na lata 2025-2028 wskazał, że podatek od nadmiarowych zysków ma zniwelować ubytek dochodów budżetowych wynikający z wdrożenia pakietu „Ceny Paliwa Niżej”. Pod koniec kwietnia minister Andrzej Domański informował, że wpływy z podatku od nadmiarowych zysków powinny przekroczyć 4 mld zł, a jedną z firm, która może zostać objęta takim podatkiem, jest Orlen. Wcześniej, bo pod koniec marca premier Donald Tusk zapowiedział, że rząd wprowadzi podatek od nadmiarowych zysków koncernów paliwowych. (PAP) kawa/ mmu/","https://www.bankier.pl/wiadomosc/Rzad-uderzy-w-zyski-koncernow-paliwowych-Nowy-podatek-ma-objac-m-in-Orlen-9135764.html"
